SC_0.8_mean,SC_0.9_mean,SC_0.95_mean,SC_1_mean,SC_0.8_var,SC_0.9_var,SC_0.95_var,SC_1_var
10.5,16.4,19.2,25.4,70.27777777777777,72.93333333333334,95.95555555555558,101.15555555555554
18.8,24.8,27.5,33.5,103.51111111111112,138.84444444444443,162.27777777777777,150.05555555555554
14.9,21.6,25.8,30.7,66.32222222222224,102.93333333333332,114.40000000000002,124.89999999999996
25.4,32.4,37.4,41.6,508.711111111111,513.1555555555556,460.71111111111117,421.1555555555555
14.3,22.8,26.6,33.1,180.23333333333332,99.7333333333333,106.71111111111111,130.54444444444445
13.4,20.2,23.7,30.4,97.82222222222222,129.5111111111111,110.9,106.4888888888889
14.2,20.0,23.5,29.3,165.06666666666666,212.88888888888889,234.5,192.45555555555555
11.0,18.6,22.1,27.7,62.0,156.4888888888889,214.32222222222225,230.89999999999998
11.0,20.7,24.1,30.9,44.22222222222222,100.9,118.10000000000001,116.54444444444445
15.1,20.7,24.6,31.4,146.98888888888888,196.45555555555558,215.60000000000002,177.15555555555557
14.0,23.0,25.6,32.0,98.66666666666667,130.2222222222222,143.82222222222222,131.55555555555554
16.0,24.8,28.4,35.1,162.88888888888889,251.06666666666666,236.7111111111111,250.98888888888885
13.3,20.1,22.8,27.0,112.9,128.1,114.17777777777776,148.0
10.8,19.8,22.1,28.0,39.28888888888889,84.84444444444443,76.76666666666668,112.0
14.6,21.5,23.1,29.8,100.26666666666667,113.61111111111113,108.10000000000001,103.73333333333333
13.4,19.9,23.1,29.8,96.26666666666671,89.43333333333334,102.32222222222222,131.28888888888886
19.8,24.9,28.2,32.6,203.95555555555555,172.54444444444442,180.62222222222215,203.15555555555557
9.5,14.8,19.2,24.0,20.722222222222225,35.28888888888889,37.06666666666667,22.888888888888875
13.8,20.4,23.5,29.9,69.28888888888888,88.48888888888888,114.05555555555556,103.65555555555555
11.0,21.0,24.9,29.3,43.11111111111112,124.0,130.76666666666668,138.67777777777778
19.3,26.0,28.9,37.0,366.23333333333335,299.77777777777777,308.9888888888888,346.0
16.0,20.5,23.2,29.8,118.44444444444444,116.05555555555556,103.95555555555556,132.17777777777778
19.5,25.7,28.3,35.0,117.38888888888889,141.7888888888889,150.67777777777778,178.44444444444446
13.6,20.7,23.7,29.3,146.04444444444442,104.45555555555558,95.56666666666666,91.1222222222222
13.2,19.8,23.4,29.4,62.17777777777778,80.62222222222222,126.48888888888888,124.04444444444445
16.6,20.9,24.2,30.8,37.15555555555555,66.76666666666668,48.84444444444445,49.73333333333332
19.9,25.4,28.3,32.5,136.09999999999997,186.7111111111111,155.1222222222222,176.72222222222223
12.3,17.3,21.3,26.3,73.34444444444445,85.34444444444443,88.67777777777778,104.89999999999999
16.1,22.8,25.9,32.0,76.54444444444444,107.95555555555556,116.10000000000001,98.66666666666667
12.3,18.9,21.7,27.4,121.34444444444446,214.10000000000002,195.34444444444446,188.48888888888885
15.6,21.3,25.2,30.2,76.26666666666667,90.67777777777779,103.95555555555556,131.28888888888886
11.6,18.7,21.6,26.7,20.48888888888889,61.34444444444445,69.82222222222222,85.78888888888889
9.4,15.3,18.6,23.7,25.822222222222212,27.34444444444445,31.155555555555548,45.56666666666666
17.2,24.1,27.1,31.4,156.39999999999998,122.9888888888889,132.3222222222222,141.60000000000002
21.4,28.3,30.5,37.2,199.6,201.3444444444445,204.72222222222223,290.62222222222215
16.1,21.6,25.2,30.6,339.65555555555557,350.9333333333333,374.8444444444444,429.82222222222225
18.7,27.0,30.6,36.3,235.34444444444443,238.88888888888889,326.0444444444444,323.78888888888883
18.2,25.5,27.8,34.9,143.73333333333335,168.05555555555554,176.17777777777778,177.87777777777782
16.7,20.9,24.4,29.5,127.78888888888888,129.43333333333334,164.26666666666665,164.5
14.4,19.7,23.3,27.6,85.6,88.01111111111112,84.23333333333333,95.82222222222222
17.5,24.2,27.4,32.0,204.94444444444446,193.06666666666666,202.7111111111111,203.33333333333334
11.7,18.3,20.9,26.4,96.23333333333332,92.9,89.65555555555558,90.26666666666668
14.9,22.5,27.5,32.7,113.65555555555557,97.61111111111111,145.38888888888889,133.56666666666666
9.7,16.1,19.0,25.4,53.56666666666667,82.98888888888888,90.22222222222223,89.82222222222222
9.2,14.5,18.3,23.8,40.62222222222223,52.055555555555564,63.34444444444445,59.955555555555556
11.9,17.6,20.4,26.1,78.1,80.7111111111111,72.26666666666667,67.65555555555554
9.3,14.6,18.6,24.5,64.67777777777776,88.48888888888888,85.82222222222222,97.38888888888887
18.5,23.7,27.0,33.5,74.05555555555557,90.23333333333333,135.11111111111111,158.49999999999997
16.5,22.9,25.8,33.4,48.27777777777778,63.65555555555555,94.17777777777778,81.82222222222222
11.6,19.3,23.0,29.5,43.15555555555555,94.67777777777776,72.22222222222223,71.38888888888889
12.4,19.2,22.9,29.2,23.599999999999998,29.06666666666667,29.211111111111123,52.84444444444445
14.6,21.1,25.0,31.4,94.26666666666665,116.76666666666665,97.55555555555556,104.7111111111111
19.3,24.6,27.3,33.3,211.34444444444446,244.26666666666668,232.89999999999998,310.90000000000003
14.8,22.8,26.9,33.7,30.622222222222224,47.73333333333333,44.988888888888894,36.23333333333333
12.8,18.1,21.3,28.4,85.06666666666666,66.98888888888888,93.56666666666666,120.04444444444445
11.0,17.3,20.4,25.7,46.44444444444444,68.01111111111112,82.71111111111111,66.67777777777778
16.7,22.7,25.9,32.8,169.7888888888889,184.23333333333332,178.32222222222225,173.51111111111106
15.3,21.4,24.9,28.5,177.12222222222223,157.82222222222222,139.43333333333334,136.72222222222223
26.0,32.5,35.7,41.9,486.22222222222223,530.5,520.4555555555556,448.1
9.2,17.8,21.2,28.3,141.73333333333335,174.4,176.84444444444443,196.9
19.2,26.6,29.6,36.0,316.6222222222222,376.0444444444445,383.8222222222222,425.77777777777777
16.4,21.8,24.2,30.6,57.37777777777777,72.4,86.84444444444446,90.04444444444444
13.6,20.3,23.4,28.5,86.93333333333334,151.12222222222223,152.48888888888888,178.94444444444446
11.2,15.8,19.3,23.8,24.62222222222222,32.400000000000006,38.011111111111106,42.400000000000006
14.6,20.3,23.4,28.6,71.15555555555555,86.01111111111112,86.04444444444444,97.6
19.5,27.0,28.7,35.5,396.27777777777777,430.6666666666667,432.23333333333335,390.0555555555556
15.3,22.2,27.7,35.3,204.45555555555555,190.1777777777778,203.1222222222222,176.01111111111106
16.4,22.2,25.5,34.1,89.15555555555555,72.4,134.94444444444446,132.54444444444445
16.2,22.9,26.2,31.0,193.95555555555552,205.2111111111111,192.1777777777778,248.66666666666666
11.0,17.7,20.4,26.8,60.0,96.23333333333335,79.6,69.73333333333335
16.8,24.4,26.8,33.4,154.62222222222223,176.04444444444445,182.39999999999998,186.93333333333334
7.0,13.5,17.0,23.4,12.666666666666668,46.72222222222223,40.0,43.82222222222222
9.0,13.2,16.6,20.9,18.88888888888889,19.288888888888888,31.15555555555555,35.65555555555556
13.5,21.2,24.6,31.1,47.388888888888886,124.62222222222223,131.82222222222222,97.87777777777778
14.8,21.2,23.5,29.3,110.84444444444445,128.39999999999998,131.3888888888889,148.0111111111111
11.7,19.1,22.3,30.3,29.566666666666677,40.98888888888889,40.900000000000006,78.67777777777776
13.3,19.5,23.2,27.1,40.01111111111111,21.833333333333332,23.066666666666666,29.65555555555556
12.8,19.7,22.3,27.1,86.17777777777778,163.7888888888889,167.1222222222222,185.87777777777777
16.4,23.2,28.1,35.9,196.04444444444445,204.84444444444443,268.76666666666665,318.9888888888889
10.5,17.7,19.8,25.1,44.72222222222222,37.34444444444445,39.2888888888889,54.1
14.5,23.8,27.9,33.4,90.5,209.95555555555552,199.43333333333334,225.15555555555557
10.9,17.1,19.7,26.6,101.43333333333334,118.32222222222224,102.89999999999999,128.26666666666668
12.9,17.8,22.3,27.6,32.544444444444444,47.06666666666667,38.67777777777778,33.599999999999994
13.8,20.5,23.4,28.6,79.95555555555556,103.3888888888889,106.26666666666667,91.6
8.4,14.0,16.9,20.7,25.15555555555556,30.0,21.655555555555555,29.12222222222222
12.8,20.5,22.9,27.5,65.95555555555556,84.72222222222223,119.43333333333334,121.83333333333333
10.3,15.5,19.8,23.7,40.011111111111106,57.388888888888886,84.40000000000002,69.34444444444445
14.6,21.6,24.7,31.7,104.26666666666667,112.71111111111111,117.34444444444449,112.45555555555553
9.7,16.2,18.7,24.9,38.455555555555556,49.28888888888888,64.9,76.54444444444442
13.1,20.6,24.8,31.2,60.32222222222222,54.93333333333334,42.17777777777777,78.17777777777778
11.1,16.0,18.9,25.0,49.65555555555555,46.44444444444444,48.1,76.2222222222222
12.1,19.2,23.4,27.8,95.65555555555554,113.06666666666666,113.60000000000001,105.51111111111112
20.7,25.3,28.1,33.6,263.1222222222222,249.1222222222222,265.4333333333333,285.37777777777774
13.3,17.8,20.7,26.9,82.01111111111112,91.06666666666666,82.45555555555556,109.43333333333332
7.5,15.4,19.4,25.8,21.388888888888886,63.82222222222222,62.266666666666666,72.84444444444442
17.0,21.8,24.8,32.2,120.00000000000003,129.5111111111111,152.84444444444446,189.06666666666666
11.7,18.9,21.8,28.0,50.67777777777778,35.43333333333335,33.955555555555556,30.22222222222222
11.8,18.2,21.4,26.8,62.84444444444445,63.06666666666667,80.93333333333334,64.17777777777778
11.1,15.8,18.7,25.7,34.32222222222222,59.28888888888889,62.900000000000006,64.9
12.1,17.7,21.0,26.1,27.877777777777773,19.566666666666666,14.666666666666666,11.433333333333332
12.4,17.4,20.6,24.9,49.15555555555555,42.93333333333333,43.6,37.87777777777777
13.8,19.4,22.7,27.7,143.95555555555555,129.15555555555554,147.34444444444446,185.3444444444444
13.0,20.2,23.1,27.7,33.55555555555556,52.17777777777778,46.1,39.12222222222223
15.4,21.6,25.0,31.3,55.37777777777778,59.82222222222223,52.222222222222214,44.90000000000003
11.9,18.0,21.3,26.2,49.87777777777777,62.0,52.900000000000006,52.17777777777778
16.8,22.7,26.2,32.4,117.73333333333332,126.23333333333332,112.39999999999998,132.7111111111111
17.7,24.3,27.4,34.9,244.23333333333332,260.4555555555555,259.1555555555555,200.32222222222222
11.8,19.5,22.2,25.9,52.62222222222222,100.27777777777777,104.62222222222223,106.09999999999998
15.5,21.9,24.8,31.0,82.05555555555556,56.100000000000016,77.51111111111112,65.77777777777777
11.8,18.8,21.1,27.3,34.84444444444445,31.95555555555556,30.76666666666667,36.900000000000006
17.3,23.4,27.5,32.1,188.67777777777778,223.60000000000002,196.7222222222222,207.2111111111111
17.6,23.2,26.4,31.2,190.93333333333334,217.73333333333332,210.04444444444448,216.39999999999998
12.8,22.0,24.1,29.2,157.95555555555552,175.33333333333334,192.9888888888889,225.06666666666666
11.1,16.0,20.6,27.8,113.87777777777777,94.44444444444444,84.48888888888888,103.95555555555558
12.8,19.8,22.1,29.9,76.4,119.28888888888888,120.09999999999998,122.9888888888889
13.9,18.5,21.3,27.6,53.21111111111111,55.166666666666664,60.89999999999999,62.266666666666666
14.1,20.4,23.1,29.1,234.76666666666668,237.82222222222222,374.5444444444445,335.4333333333334
16.0,22.7,24.7,30.3,249.55555555555554,257.1222222222222,260.23333333333335,225.56666666666666
10.9,17.1,21.6,28.0,72.98888888888888,50.76666666666668,40.044444444444444,45.11111111111111
11.7,19.4,21.5,27.3,96.01111111111112,90.26666666666668,84.94444444444444,91.56666666666666
10.5,16.1,18.7,23.9,68.05555555555556,96.1,95.7888888888889,86.1
13.4,20.6,23.6,29.6,61.15555555555555,93.6,108.26666666666667,85.37777777777778
10.3,16.5,19.8,25.1,58.89999999999999,54.94444444444444,53.733333333333334,51.43333333333332
13.0,19.7,22.8,28.0,89.33333333333333,104.90000000000003,117.95555555555558,158.66666666666666
11.4,16.2,20.3,27.7,37.599999999999994,53.95555555555555,70.23333333333332,62.89999999999999
10.9,15.4,18.1,22.4,63.655555555555566,62.48888888888889,66.98888888888888,72.04444444444445
12.9,21.0,24.8,30.2,63.65555555555555,150.0,123.51111111111112,131.06666666666666
18.7,24.1,26.5,32.8,149.12222222222223,185.65555555555554,192.05555555555554,184.17777777777775
12.2,19.5,22.7,30.0,33.066666666666656,52.72222222222222,58.45555555555555,62.44444444444444
15.6,22.7,25.8,30.9,80.26666666666665,114.01111111111112,106.84444444444446,97.65555555555557
11.2,21.7,25.3,33.1,52.84444444444445,122.23333333333335,134.45555555555558,129.65555555555554
12.7,24.9,28.2,32.9,129.7888888888889,233.8777777777778,256.62222222222226,266.1
13.5,20.1,22.9,26.4,35.166666666666664,57.87777777777777,68.98888888888888,72.26666666666668
15.6,25.0,27.1,33.8,44.71111111111111,175.11111111111111,169.2111111111111,219.95555555555558
13.2,19.5,23.5,31.0,98.17777777777775,144.49999999999997,162.5,141.55555555555554
11.9,19.9,22.5,27.5,65.2111111111111,292.5444444444445,284.72222222222223,302.0555555555556
12.9,16.5,18.5,23.3,22.322222222222226,26.055555555555557,23.833333333333332,35.12222222222223
18.1,28.6,33.3,38.0,164.76666666666668,207.60000000000002,228.89999999999998,188.0
7.8,12.9,16.2,22.3,6.177777777777779,11.211111111111112,14.844444444444447,28.45555555555556
14.1,22.4,26.2,30.7,176.76666666666668,204.26666666666665,225.73333333333338,198.89999999999998
14.8,24.1,26.0,33.2,26.177777777777777,54.54444444444444,66.44444444444444,61.95555555555557
17.9,23.7,27.3,33.1,184.54444444444445,187.34444444444446,188.89999999999998,213.65555555555557
20.6,26.1,29.5,35.1,102.26666666666668,117.8777777777778,152.5,176.76666666666665
12.0,17.9,21.4,27.1,37.77777777777778,69.8777777777778,61.599999999999994,109.43333333333334
19.7,29.1,32.4,37.4,114.01111111111112,132.76666666666668,122.4888888888889,139.37777777777782
13.4,20.6,23.6,30.4,52.93333333333333,145.60000000000002,156.04444444444442,168.4888888888889
9.2,18.3,21.5,26.3,104.6222222222222,109.78888888888889,127.16666666666667,157.5666666666667
12.7,19.7,22.4,27.5,14.233333333333336,85.78888888888892,76.48888888888888,88.27777777777777
12.9,20.4,22.7,28.9,56.544444444444444,59.82222222222222,56.01111111111111,80.54444444444441
11.8,19.1,21.9,28.1,85.06666666666666,168.5444444444444,161.4333333333333,206.54444444444445
15.7,22.9,25.7,32.7,81.34444444444446,68.1,67.1222222222222,117.12222222222223
13.8,19.9,22.9,28.5,82.62222222222222,91.43333333333334,75.65555555555552,91.38888888888889
8.9,14.8,18.0,23.0,33.43333333333334,39.28888888888889,51.111111111111114,50.44444444444444
16.9,21.4,25.2,30.7,202.54444444444445,217.15555555555557,227.5111111111111,213.7888888888889
13.9,22.0,24.2,29.6,66.98888888888888,102.44444444444447,88.17777777777776,85.6
12.2,19.2,23.1,29.9,28.84444444444445,69.73333333333333,82.76666666666667,70.09999999999997
15.9,22.2,25.7,31.7,117.8777777777778,128.84444444444443,170.23333333333332,180.23333333333335
9.9,15.3,17.6,23.3,32.544444444444444,61.78888888888889,55.15555555555555,58.45555555555555
13.6,20.0,23.5,29.4,184.93333333333334,231.11111111111111,240.72222222222223,216.26666666666668
16.1,22.6,25.3,29.2,215.2111111111111,169.15555555555557,159.56666666666666,141.73333333333332
9.5,16.0,18.5,24.5,32.05555555555556,30.88888888888889,33.611111111111114,37.833333333333336
12.8,18.8,22.3,28.9,58.400000000000006,74.39999999999999,85.78888888888889,60.32222222222222
15.7,22.0,25.5,32.2,78.67777777777776,104.22222222222221,134.27777777777777,188.62222222222218
14.5,21.0,25.7,32.0,157.83333333333334,168.66666666666666,143.34444444444443,180.88888888888889
19.1,28.2,31.9,38.7,224.9888888888889,401.5111111111112,383.21111111111105,393.3444444444445
10.3,14.1,16.6,24.5,30.011111111111113,34.76666666666667,35.82222222222222,47.16666666666666
10.7,15.3,19.6,26.4,90.45555555555555,66.45555555555555,56.48888888888889,69.15555555555555
18.2,27.1,30.5,38.5,152.84444444444443,88.98888888888888,89.61111111111111,110.27777777777777
16.8,23.8,26.3,31.4,171.95555555555558,207.2888888888889,185.7888888888889,205.3777777777778
12.7,17.9,22.0,26.4,96.67777777777779,107.65555555555558,85.33333333333333,107.15555555555555
16.5,21.4,25.1,30.8,184.94444444444446,202.04444444444445,210.3222222222222,167.95555555555555
15.7,23.0,25.3,29.9,136.0111111111111,153.77777777777777,141.5666666666667,136.7666666666667
13.8,21.3,24.5,30.4,167.73333333333332,159.1222222222222,170.05555555555554,125.59999999999998
14.4,19.4,23.4,28.9,165.37777777777782,158.04444444444445,156.93333333333337,201.4333333333333
15.6,22.7,25.8,32.4,119.15555555555557,154.23333333333332,171.2888888888889,162.04444444444445
14.3,21.3,23.7,31.7,65.34444444444443,69.56666666666665,70.2333333333333,130.67777777777778
14.1,21.1,25.7,30.7,83.21111111111112,134.76666666666665,110.0111111111111,109.34444444444443
14.2,19.9,25.3,30.9,121.5111111111111,123.43333333333332,170.23333333333335,162.32222222222222
15.0,19.2,23.4,30.8,124.66666666666664,125.28888888888885,130.26666666666662,159.2888888888889
16.7,23.1,26.8,31.0,202.45555555555555,206.32222222222222,216.6222222222222,202.66666666666666
15.2,21.9,25.1,31.6,75.5111111111111,77.65555555555555,73.43333333333334,87.37777777777778
23.8,28.1,31.3,39.5,210.8444444444445,232.98888888888894,236.67777777777778,305.8333333333333
11.9,18.4,22.0,29.0,101.87777777777778,152.26666666666662,160.22222222222223,185.1111111111111
15.4,22.8,27.1,33.4,187.82222222222222,187.2888888888889,234.54444444444445,219.60000000000002
13.6,20.6,23.4,28.8,129.60000000000002,170.9333333333333,148.26666666666665,182.84444444444443
22.1,27.4,29.2,35.8,105.87777777777778,138.4888888888889,159.73333333333335,182.84444444444443
13.3,21.5,25.8,31.6,59.56666666666667,75.38888888888889,85.95555555555555,150.7111111111111
13.2,19.3,22.1,27.5,130.84444444444443,113.34444444444443,109.65555555555554,102.94444444444444
10.5,14.7,17.8,23.0,42.5,45.56666666666667,48.84444444444445,43.55555555555556
22.0,28.9,31.2,37.6,329.3333333333333,297.21111111111105,278.4,282.9333333333333
14.2,23.8,27.0,32.7,66.84444444444445,88.84444444444443,86.0,72.89999999999999
13.6,21.3,23.8,29.9,120.26666666666665,134.23333333333335,144.84444444444443,176.54444444444442
13.8,19.7,22.3,26.9,54.84444444444445,80.45555555555552,82.45555555555558,77.43333333333334
12.5,18.1,21.6,27.0,88.94444444444443,75.65555555555554,77.37777777777778,105.55555555555556
8.5,14.2,17.2,24.6,20.499999999999996,34.84444444444445,34.4,49.15555555555556
21.9,33.2,37.3,43.6,257.21111111111105,327.2888888888889,366.0111111111112,385.82222222222225
10.0,18.0,21.1,27.8,36.666666666666664,33.111111111111114,26.54444444444444,29.28888888888889
13.6,18.1,20.7,28.0,106.48888888888887,96.32222222222222,98.23333333333332,117.33333333333333
14.1,21.1,25.3,32.1,83.65555555555557,92.32222222222222,89.34444444444445,108.54444444444444
12.0,18.1,20.9,26.9,55.77777777777777,59.21111111111111,64.76666666666667,74.54444444444442
12.9,16.6,19.9,24.2,63.43333333333333,71.15555555555555,77.21111111111111,71.5111111111111
8.6,14.1,17.3,21.9,30.711111111111116,40.98888888888889,58.455555555555556,70.98888888888888
17.6,22.6,25.7,29.7,134.26666666666665,128.04444444444445,131.56666666666666,125.34444444444446
7.9,16.3,18.1,23.8,21.87777777777778,49.344444444444434,49.211111111111116,70.39999999999998
16.0,22.6,26.3,31.2,79.33333333333333,104.48888888888888,130.23333333333332,143.73333333333335
14.9,22.3,24.9,31.6,225.87777777777782,273.5666666666667,259.43333333333334,243.37777777777785
12.4,17.2,21.6,26.9,114.71111111111112,112.4,119.15555555555557,166.9888888888889
14.3,20.8,24.5,32.0,151.12222222222223,142.84444444444443,142.94444444444446,123.77777777777776
10.8,19.7,22.0,28.7,49.28888888888889,180.6777777777778,179.11111111111114,196.67777777777775
17.4,22.3,25.2,30.2,216.04444444444445,180.01111111111112,186.39999999999998,176.17777777777775
14.4,22.2,24.4,30.7,116.26666666666668,186.1777777777778,152.7111111111111,174.67777777777775
6.4,15.7,18.5,25.1,11.377777777777778,54.01111111111111,41.833333333333336,58.322222222222244
11.3,16.3,20.1,25.5,58.455555555555556,68.01111111111112,76.1,65.61111111111111
21.5,25.6,29.4,36.2,231.16666666666666,194.48888888888894,206.7111111111111,231.06666666666672
13.6,19.9,23.8,30.4,171.15555555555554,196.98888888888882,183.0666666666667,184.48888888888885
11.4,20.4,23.9,28.9,163.37777777777777,205.15555555555557,243.43333333333325,223.2111111111111
14.9,22.3,26.4,31.8,86.76666666666667,86.45555555555556,109.59999999999998,132.6222222222222
13.5,21.0,24.0,29.8,80.5,144.66666666666666,134.44444444444446,135.06666666666666
12.3,18.0,21.6,26.4,121.56666666666663,123.11111111111111,117.82222222222221,120.04444444444445
12.8,18.1,21.0,26.8,76.17777777777779,69.87777777777778,69.77777777777777,89.06666666666666
15.6,22.8,27.9,32.4,105.6,97.06666666666666,127.8777777777778,127.82222222222221
9.7,19.3,22.9,29.0,74.89999999999999,160.0111111111111,174.54444444444445,158.66666666666666
18.0,23.5,27.1,35.0,162.66666666666666,204.05555555555554,202.3222222222222,204.66666666666666
11.3,17.5,20.4,28.8,59.78888888888889,69.38888888888889,48.044444444444444,118.39999999999999
18.0,23.3,26.2,31.2,113.55555555555556,94.9,117.28888888888893,104.1777777777778
14.9,19.1,23.1,29.4,52.76666666666668,49.87777777777778,67.21111111111112,83.37777777777777
15.5,21.9,25.2,30.5,154.05555555555554,189.43333333333334,190.84444444444443,194.94444444444443
13.2,18.6,22.0,26.0,52.62222222222223,42.93333333333332,35.99999999999999,31.555555555555557
13.4,20.9,23.9,30.5,105.82222222222224,211.65555555555557,207.4333333333333,273.3888888888889
10.6,15.0,19.8,26.7,115.15555555555554,103.33333333333334,106.84444444444448,83.34444444444446
11.5,17.4,20.8,25.6,58.72222222222222,51.15555555555555,71.2888888888889,68.4888888888889
10.6,15.9,19.7,23.8,34.26666666666666,42.099999999999994,32.67777777777778,35.51111111111111
12.1,17.1,20.4,25.6,80.54444444444444,98.54444444444442,104.26666666666668,94.4888888888889
15.3,22.4,25.7,31.0,88.0111111111111,83.37777777777778,85.12222222222222,63.1111111111111
13.2,18.2,22.1,28.1,40.84444444444445,57.28888888888889,43.87777777777777,52.1
10.9,19.1,21.3,28.1,17.877777777777776,37.65555555555554,42.011111111111106,38.544444444444444
11.3,16.2,19.0,23.5,66.01111111111112,78.17777777777776,99.55555555555556,146.94444444444446
11.5,17.8,20.2,25.8,33.388888888888886,34.84444444444445,30.844444444444434,31.95555555555556
13.6,19.8,23.0,28.6,26.71111111111111,71.95555555555556,88.66666666666666,80.93333333333334
13.7,18.1,21.3,26.8,120.89999999999999,140.3222222222222,140.9,178.6222222222222
14.6,22.5,26.3,31.5,84.26666666666667,95.83333333333333,107.7888888888889,134.7222222222222
14.3,19.7,22.5,29.0,201.7888888888889,198.01111111111112,191.16666666666666,219.1111111111111
12.7,18.2,20.5,27.1,89.56666666666666,144.62222222222223,144.05555555555554,146.32222222222222
9.3,14.0,15.9,23.1,59.34444444444445,66.22222222222223,68.76666666666665,90.10000000000001
10.6,18.9,22.0,27.9,72.48888888888888,97.8777777777778,80.88888888888889,86.09999999999998
18.2,24.2,26.6,31.5,149.51111111111106,190.84444444444446,173.6,203.16666666666666
14.2,19.4,24.1,31.9,85.73333333333335,89.37777777777777,113.65555555555555,97.65555555555557
17.0,22.5,27.2,33.8,153.11111111111111,136.05555555555554,113.95555555555555,123.73333333333332
10.6,16.4,18.8,24.9,24.93333333333333,35.82222222222222,38.400000000000006,56.54444444444445
16.6,21.2,24.7,30.8,114.71111111111112,147.95555555555555,170.23333333333332,156.4
12.9,19.7,24.2,30.3,50.76666666666667,49.34444444444445,45.28888888888889,47.122222222222234
19.1,24.8,27.9,32.5,90.1,141.06666666666666,140.3222222222222,152.5
19.4,24.7,27.5,31.9,236.48888888888885,236.45555555555555,224.94444444444446,206.98888888888888
15.9,23.3,27.1,32.1,68.10000000000001,126.89999999999999,152.1,144.76666666666665
13.3,18.7,21.9,27.4,67.1222222222222,56.01111111111113,52.9888888888889,89.15555555555554
9.1,15.2,18.3,22.9,68.32222222222222,65.95555555555556,69.12222222222222,67.65555555555555
14.7,21.6,24.7,30.6,85.7888888888889,84.71111111111112,70.45555555555556,75.15555555555555
12.2,20.1,21.4,30.4,71.51111111111112,58.98888888888889,59.82222222222222,65.59999999999998
13.1,22.0,24.4,30.3,56.98888888888889,55.77777777777778,65.82222222222222,74.67777777777779
6.6,13.7,16.9,24.0,23.377777777777776,35.56666666666667,28.099999999999998,71.1111111111111
14.0,20.0,23.3,28.7,78.66666666666667,89.99999999999999,140.23333333333335,125.3444444444444
12.4,19.5,22.7,29.5,23.37777777777778,37.3888888888889,32.23333333333333,34.05555555555556
13.2,19.5,21.8,26.2,38.400000000000006,22.27777777777778,24.399999999999995,22.177777777777777
13.7,19.7,24.2,29.8,65.56666666666668,61.12222222222221,68.6222222222222,85.73333333333332
13.4,18.9,22.0,26.8,45.15555555555555,55.21111111111111,64.44444444444444,97.2888888888889
14.8,22.2,25.9,31.1,54.84444444444445,43.955555555555556,56.099999999999994,45.43333333333334
11.6,17.9,21.8,26.8,67.82222222222222,57.87777777777777,77.51111111111112,75.5111111111111
14.5,21.7,24.5,30.0,106.27777777777777,152.45555555555558,194.94444444444446,202.8888888888889
13.4,21.5,23.9,26.6,146.7111111111111,142.72222222222226,139.87777777777782,144.7111111111111
15.8,23.5,27.0,34.4,44.62222222222223,43.83333333333334,30.666666666666668,42.044444444444444
13.7,19.4,22.4,28.0,98.89999999999999,106.93333333333334,132.04444444444442,100.66666666666667
16.5,22.1,25.7,30.7,205.61111111111114,205.43333333333334,216.23333333333332,233.34444444444438
12.2,19.7,22.6,26.6,75.51111111111112,59.12222222222223,56.26666666666667,42.488888888888894
9.6,15.9,18.8,25.0,63.82222222222222,67.65555555555555,72.39999999999999,95.77777777777777
15.4,20.0,23.4,28.9,68.48888888888888,86.44444444444446,90.04444444444444,89.65555555555555
10.8,18.7,21.9,26.2,59.28888888888889,70.23333333333333,75.21111111111111,66.39999999999999
12.6,17.4,20.7,25.8,107.6,118.93333333333334,93.34444444444445,104.62222222222222
14.4,18.5,20.9,27.3,108.93333333333334,141.61111111111111,143.43333333333334,142.89999999999998
16.8,29.3,32.6,39.6,198.17777777777775,374.8999999999999,372.93333333333334,383.82222222222214
11.0,15.5,19.5,23.8,61.111111111111114,66.50000000000001,60.72222222222222,61.95555555555557
11.6,17.9,22.3,28.7,25.155555555555555,15.655555555555553,30.011111111111113,29.566666666666663
14.0,19.7,22.0,28.0,148.66666666666666,168.67777777777778,158.2222222222222,129.33333333333331
11.3,16.4,19.9,26.6,62.67777777777778,56.48888888888889,80.76666666666667,94.04444444444444
12.7,18.9,21.4,26.1,43.78888888888889,54.32222222222222,57.37777777777779,70.76666666666668
7.5,14.7,18.8,26.1,15.61111111111111,31.122222222222224,57.955555555555556,76.32222222222222
23.2,28.6,31.9,38.4,239.95555555555555,274.26666666666665,313.8777777777778,301.3777777777778
12.7,18.6,23.1,28.9,165.56666666666666,174.26666666666668,139.4333333333333,152.10000000000002
14.1,21.3,23.8,29.7,113.65555555555557,92.23333333333335,128.84444444444443,219.34444444444443
16.8,24.7,27.1,30.5,145.5111111111111,326.6777777777778,362.76666666666665,320.5
17.5,27.0,31.4,38.7,58.94444444444444,160.0,166.9333333333333,157.56666666666666
16.6,21.9,24.6,30.1,121.82222222222221,156.10000000000002,129.60000000000002,139.2111111111111
13.1,17.5,20.7,24.8,229.8777777777778,223.83333333333334,223.34444444444443,287.51111111111106
18.5,25.8,29.4,34.0,223.38888888888889,259.06666666666666,247.82222222222222,264.0
12.0,17.0,19.7,25.4,50.22222222222222,44.44444444444444,43.12222222222222,51.82222222222222
19.3,28.5,31.7,37.3,239.7888888888889,625.6111111111111,663.5666666666666,609.1222222222223
15.9,20.9,25.2,30.9,58.10000000000001,72.32222222222222,108.84444444444443,146.9888888888889
15.8,24.1,26.8,32.1,72.17777777777776,52.3222222222222,59.066666666666656,63.87777777777779
12.7,20.7,22.6,27.5,46.9,125.78888888888888,133.15555555555557,160.49999999999997
13.2,20.1,23.5,28.1,77.73333333333335,106.54444444444444,120.05555555555556,110.98888888888888
15.5,21.1,24.3,30.2,75.38888888888887,86.98888888888888,72.0111111111111,71.73333333333333
21.7,27.6,30.7,36.0,117.5666666666667,126.4888888888889,120.23333333333335,126.66666666666667
9.7,18.3,21.4,28.0,38.233333333333334,61.78888888888889,79.6,80.66666666666667
13.4,18.6,22.8,29.7,58.266666666666666,105.59999999999998,163.95555555555555,172.01111111111115
10.7,15.0,18.7,24.7,24.677777777777774,30.666666666666668,25.788888888888888,25.566666666666666
10.9,20.0,24.8,29.8,84.54444444444444,140.44444444444446,135.73333333333332,141.06666666666663
11.2,22.3,24.7,31.9,18.84444444444445,113.34444444444442,122.0111111111111,103.8777777777778
18.1,25.4,27.7,36.7,172.9888888888889,234.26666666666662,249.3444444444445,318.9
10.5,15.2,17.3,22.7,58.94444444444444,73.5111111111111,73.34444444444445,67.12222222222222
18.7,26.8,28.9,35.5,87.78888888888888,100.4,109.43333333333334,95.38888888888891
10.2,16.0,20.4,25.2,21.955555555555552,13.777777777777779,24.71111111111111,25.73333333333333
11.5,18.9,21.9,26.8,14.722222222222221,79.21111111111111,106.54444444444445,104.39999999999999
14.4,20.6,23.9,30.0,94.71111111111111,90.93333333333334,103.43333333333337,123.77777777777777
12.6,20.4,22.5,29.8,73.37777777777778,73.59999999999998,71.38888888888889,87.51111111111112
9.6,15.8,18.3,23.3,28.266666666666666,38.17777777777778,34.011111111111106,20.233333333333345
13.0,19.8,22.5,30.9,148.66666666666666,160.1777777777778,164.5,226.32222222222222
15.2,22.0,25.5,30.1,103.28888888888888,135.77777777777777,143.83333333333334,126.54444444444445
9.5,14.9,18.2,24.1,93.83333333333333,78.54444444444442,79.95555555555555,106.54444444444444
16.5,21.2,25.2,29.8,122.72222222222223,130.84444444444443,141.28888888888892,118.17777777777779
11.5,17.0,20.7,26.0,46.05555555555556,42.22222222222222,61.78888888888889,66.44444444444444
11.5,17.8,21.8,25.8,83.61111111111111,87.73333333333333,80.17777777777778,117.2888888888889
13.5,22.9,26.1,34.4,216.72222222222223,258.76666666666665,266.76666666666665,276.4888888888889
14.7,19.5,22.2,28.0,88.9,82.94444444444444,79.95555555555556,97.33333333333333
9.2,17.2,20.2,25.8,51.511111111111106,97.73333333333333,107.06666666666666,87.28888888888888
10.4,16.9,20.5,25.4,35.82222222222222,55.65555555555556,50.27777777777778,74.48888888888888
15.1,21.3,24.5,29.0,177.2111111111111,179.7888888888889,165.38888888888889,175.55555555555554
12.6,18.9,22.1,28.8,103.82222222222222,111.2111111111111,105.87777777777778,89.28888888888892
9.8,16.9,20.4,26.9,43.06666666666667,43.87777777777778,68.93333333333332,68.54444444444445
12.6,20.8,24.5,32.3,201.8222222222222,316.6222222222222,332.05555555555554,367.56666666666666
10.3,18.4,22.1,27.9,52.233333333333334,115.37777777777777,109.21111111111111,98.1
14.5,20.7,24.6,29.2,118.49999999999997,147.7888888888889,204.04444444444445,177.0666666666667
15.6,20.6,24.9,31.6,123.82222222222224,126.26666666666668,181.6555555555556,130.04444444444445
11.8,18.3,20.4,27.6,66.62222222222223,78.01111111111112,78.04444444444445,57.155555555555566
18.7,24.9,28.0,32.9,254.67777777777778,283.65555555555557,289.11111111111114,365.2111111111111
20.1,24.9,29.9,35.1,185.4333333333333,139.6555555555556,158.10000000000002,173.43333333333334
14.4,20.4,23.3,28.0,121.15555555555557,126.04444444444442,133.34444444444443,115.33333333333333
15.6,23.0,26.8,32.0,81.15555555555555,90.66666666666669,83.95555555555556,91.33333333333333
10.6,16.4,19.1,25.4,51.155555555555566,84.26666666666668,82.32222222222221,85.60000000000001
16.9,22.8,25.9,31.6,126.98888888888885,120.17777777777779,134.10000000000002,132.26666666666662
12.4,17.9,22.0,27.7,51.6,58.54444444444445,66.0,66.23333333333332
10.4,16.2,20.9,26.0,44.48888888888889,34.62222222222222,28.988888888888894,28.22222222222222
12.5,17.2,19.5,25.7,70.27777777777777,74.4,79.16666666666669,84.67777777777778
8.8,15.2,17.6,23.8,28.17777777777778,46.84444444444445,56.93333333333333,97.73333333333332
14.4,21.4,24.2,31.8,88.04444444444444,111.6,107.28888888888889,125.28888888888888
18.7,22.9,24.8,29.7,168.89999999999998,177.8777777777778,173.06666666666672,212.45555555555558
11.8,20.4,24.7,29.2,20.844444444444445,36.488888888888894,39.56666666666666,44.400000000000006
19.5,27.5,30.6,36.6,256.27777777777777,259.3888888888889,301.15555555555545,438.7111111111111
6.1,16.9,20.2,26.4,4.544444444444444,52.988888888888894,42.17777777777778,67.37777777777778
17.2,24.5,26.8,31.7,518.8444444444443,574.7222222222222,551.7333333333332,512.2333333333332
13.7,19.9,22.8,27.0,120.90000000000002,128.76666666666665,116.17777777777776,160.88888888888889
11.0,16.5,19.3,24.2,67.55555555555554,64.72222222222221,61.788888888888906,107.06666666666666
16.7,23.1,27.1,32.2,88.67777777777776,139.6555555555556,148.54444444444445,174.84444444444443
18.5,25.2,29.4,35.1,343.38888888888886,347.9555555555556,316.48888888888894,301.4333333333333
16.3,23.6,27.3,31.8,108.45555555555556,66.71111111111111,56.45555555555555,57.28888888888888
14.5,20.1,23.0,31.2,68.05555555555557,85.43333333333334,92.88888888888889,121.28888888888888
12.3,19.0,20.9,26.2,57.78888888888889,66.8888888888889,63.43333333333333,65.06666666666666
15.6,20.9,23.3,30.6,150.26666666666665,140.9888888888889,146.9,150.7111111111111
16.9,21.5,25.1,31.8,180.76666666666668,187.38888888888886,174.10000000000002,173.73333333333343
13.9,18.2,21.5,26.6,36.98888888888889,36.62222222222222,33.83333333333333,42.48888888888889
10.7,17.7,20.7,24.3,50.9,32.233333333333334,30.67777777777778,40.23333333333333
17.9,22.9,24.8,31.4,162.76666666666668,147.65555555555557,169.73333333333335,225.60000000000002
9.6,17.7,21.1,25.3,56.93333333333333,101.1222222222222,102.54444444444444,123.78888888888888
8.5,16.3,18.1,24.1,23.166666666666668,57.78888888888889,52.54444444444445,100.32222222222222
6.4,14.2,17.4,23.7,46.93333333333334,58.844444444444434,45.60000000000001,54.23333333333332
20.9,25.6,30.9,34.5,211.21111111111108,270.26666666666665,248.09999999999997,254.5
12.5,20.1,21.6,26.7,66.72222222222223,84.98888888888888,89.82222222222224,118.89999999999996
11.3,18.4,20.9,26.3,127.34444444444443,144.93333333333334,171.43333333333334,162.6777777777778
9.3,16.1,19.0,25.8,32.01111111111111,40.099999999999994,49.55555555555556,51.955555555555556
11.6,16.4,19.8,25.8,50.48888888888889,66.93333333333334,63.733333333333334,79.06666666666666
12.6,17.2,20.7,26.8,42.71111111111111,58.17777777777779,52.011111111111106,75.28888888888889
20.7,26.7,29.9,37.1,209.3444444444445,202.9,224.10000000000002,311.65555555555557
15.0,20.9,24.9,31.6,26.66666666666667,55.21111111111112,74.98888888888891,68.93333333333335
17.8,22.8,26.2,32.6,162.8444444444444,133.2888888888889,165.73333333333332,208.04444444444445
15.1,19.2,23.0,27.5,91.21111111111111,90.84444444444445,81.11111111111111,74.5
11.1,18.4,21.0,27.1,8.98888888888889,28.488888888888887,29.555555555555557,31.65555555555555
11.8,18.8,22.3,28.9,28.177777777777774,52.84444444444445,83.34444444444445,127.87777777777777
11.8,16.1,20.0,24.5,36.4,49.43333333333334,28.444444444444457,36.27777777777778
19.2,25.0,28.4,34.9,164.39999999999998,170.22222222222223,154.7111111111111,150.76666666666668
13.2,22.1,25.2,30.8,69.06666666666666,81.43333333333332,90.4,92.84444444444443
10.7,17.4,20.1,28.3,36.011111111111106,46.93333333333334,47.21111111111111,44.233333333333334
12.8,18.6,21.9,29.2,141.5111111111111,186.48888888888894,227.65555555555557,258.84444444444443
13.4,21.2,25.8,30.9,62.266666666666666,165.0666666666667,187.73333333333332,172.76666666666665
16.9,23.7,26.4,31.6,266.76666666666665,324.9,306.93333333333334,268.9333333333334
12.5,20.0,23.7,28.2,94.5,126.44444444444444,123.34444444444446,157.73333333333335
15.0,22.0,26.1,30.8,45.1111111111111,81.11111111111111,83.87777777777778,69.73333333333333
15.7,23.1,25.5,29.8,78.67777777777778,129.8777777777778,116.05555555555556,162.1777777777778
15.8,20.4,24.1,29.4,130.62222222222223,137.8222222222222,152.32222222222222,103.6
12.7,22.2,25.4,31.2,99.12222222222222,165.0666666666667,160.26666666666665,208.84444444444443
19.2,25.1,27.8,33.7,435.06666666666666,545.2111111111111,554.4000000000001,581.7888888888889
10.1,18.4,21.9,25.7,20.1,84.04444444444445,116.54444444444442,138.45555555555555
11.0,17.9,21.9,26.5,130.44444444444446,134.54444444444442,128.54444444444445,141.83333333333334
15.0,20.9,25.4,31.8,305.1111111111111,303.43333333333334,300.4888888888888,302.6222222222222
12.2,18.5,22.5,28.5,35.28888888888889,22.05555555555556,38.94444444444444,58.27777777777778
12.2,18.5,21.8,26.6,70.84444444444445,90.05555555555554,82.39999999999999,76.48888888888888
11.5,16.6,19.1,25.8,65.83333333333333,108.71111111111111,117.21111111111112,118.39999999999999
8.6,16.1,19.2,23.5,18.266666666666666,22.099999999999998,26.62222222222222,32.5
14.8,20.7,23.6,28.2,207.5111111111111,250.23333333333332,242.0444444444444,244.17777777777778
17.0,23.1,26.4,30.5,72.44444444444446,76.1,93.15555555555555,101.16666666666667
18.4,23.9,27.2,34.2,110.26666666666667,112.76666666666665,115.95555555555555,118.17777777777776
18.2,27.1,30.1,35.4,241.9555555555555,316.5444444444444,299.21111111111105,346.7111111111111
15.3,22.8,24.8,31.8,59.78888888888889,63.288888888888906,60.17777777777778,89.95555555555556
15.1,21.4,24.0,30.3,198.54444444444445,227.1555555555556,220.44444444444446,252.89999999999998
15.7,21.8,24.3,29.2,217.5666666666667,212.17777777777775,222.23333333333335,280.62222222222215
8.8,16.5,19.2,24.3,29.06666666666667,145.83333333333334,139.2888888888889,164.01111111111106
18.3,22.6,25.2,30.2,88.01111111111112,89.15555555555555,90.62222222222222,100.39999999999999
13.6,18.3,20.9,26.6,103.15555555555555,112.0111111111111,107.87777777777778,114.26666666666665
10.0,15.9,20.0,26.1,29.333333333333332,24.322222222222223,20.222222222222225,66.54444444444444
23.2,30.4,33.4,39.5,239.2888888888889,283.82222222222225,317.6,369.6111111111111
13.4,19.1,21.8,28.4,43.37777777777778,41.43333333333333,64.84444444444445,44.93333333333332
10.7,18.5,22.1,27.0,43.78888888888888,55.388888888888886,70.32222222222222,86.66666666666667
12.2,18.2,21.5,27.5,83.73333333333333,78.84444444444443,87.83333333333331,76.05555555555557
19.0,26.3,29.7,35.7,166.44444444444446,235.56666666666666,233.1222222222222,200.0111111111111
13.2,18.7,21.4,27.0,62.844444444444434,96.23333333333332,104.26666666666668,110.00000000000001
15.9,20.9,23.3,29.0,235.6555555555555,245.43333333333334,210.0111111111111,267.1111111111111
17.3,22.5,25.7,31.9,117.56666666666666,120.94444444444441,98.67777777777778,123.65555555555557
15.2,20.7,23.3,28.3,100.40000000000002,117.34444444444443,120.45555555555555,131.1222222222222
12.3,19.3,24.8,30.7,59.566666666666684,64.45555555555558,90.84444444444443,93.1222222222222
7.7,13.4,16.3,23.4,24.45555555555556,42.044444444444444,35.34444444444445,35.37777777777777
11.7,18.3,21.1,25.9,72.89999999999999,105.12222222222222,98.9888888888889,116.10000000000001
11.1,15.5,19.3,25.0,148.76666666666665,191.83333333333337,208.89999999999998,228.44444444444446
13.7,21.9,26.6,31.5,46.67777777777778,75.65555555555555,85.15555555555554,100.94444444444446
20.0,24.3,27.7,32.6,103.11111111111111,85.56666666666666,84.67777777777778,84.26666666666668
12.3,19.1,21.1,28.4,106.67777777777778,82.54444444444445,98.10000000000001,163.3777777777778
16.8,22.4,25.7,31.8,247.2888888888889,224.26666666666668,221.5666666666667,237.5111111111111
11.6,19.8,23.4,29.1,75.37777777777778,57.733333333333334,56.933333333333344,73.21111111111111
14.1,19.4,22.6,28.4,180.3222222222222,175.37777777777777,202.4888888888889,211.82222222222222
12.6,18.2,20.8,28.1,76.48888888888888,79.28888888888888,79.51111111111112,93.65555555555552
12.9,20.1,25.0,29.6,53.43333333333333,92.1,106.66666666666667,109.37777777777781
7.4,13.4,17.3,24.7,20.711111111111105,59.82222222222222,58.01111111111111,63.34444444444445
16.9,21.2,25.7,31.7,165.43333333333334,164.84444444444446,118.45555555555558,138.89999999999998
16.7,22.6,25.4,31.1,107.56666666666666,131.3777777777778,150.71111111111108,153.65555555555557
16.3,21.8,24.0,30.1,78.23333333333333,71.06666666666666,73.77777777777777,83.21111111111112
8.7,19.4,21.6,26.4,17.344444444444445,76.48888888888888,80.26666666666667,80.93333333333334
14.1,19.8,22.4,29.2,181.2111111111111,236.17777777777778,239.82222222222222,326.17777777777775
16.0,23.0,24.6,30.8,67.77777777777777,86.0,96.48888888888888,76.17777777777778
12.1,20.6,23.3,29.7,27.43333333333333,49.822222222222216,41.56666666666667,74.9
16.8,23.2,26.4,31.7,87.06666666666666,108.84444444444446,113.37777777777778,117.56666666666666
15.2,21.2,24.9,31.5,36.62222222222223,32.84444444444444,45.21111111111112,64.05555555555556
15.9,22.9,26.0,32.6,137.65555555555557,134.54444444444445,129.11111111111111,114.04444444444445
12.7,19.0,21.5,26.3,31.122222222222224,28.888888888888882,34.05555555555556,25.34444444444445
21.5,26.6,31.0,37.0,309.83333333333326,332.7111111111111,349.1111111111111,348.8888888888889
15.0,23.4,26.2,33.2,178.0,179.15555555555554,189.95555555555558,192.84444444444443
11.2,17.5,21.3,26.8,43.511111111111106,38.5,34.9,45.28888888888889
11.8,17.5,19.9,24.6,73.06666666666668,93.61111111111111,89.65555555555555,96.26666666666667
15.3,19.9,25.0,30.2,79.12222222222222,73.65555555555555,87.33333333333333,93.73333333333333
11.5,17.5,20.0,27.0,50.277777777777764,69.83333333333333,74.44444444444444,120.22222222222223
17.1,23.8,27.4,31.2,120.9888888888889,120.40000000000002,120.26666666666668,119.95555555555552
13.7,18.1,21.5,27.9,118.67777777777776,144.76666666666668,140.7222222222222,151.65555555555554
9.4,16.4,20.2,25.2,83.6,62.93333333333333,63.955555555555556,83.06666666666666
16.3,24.7,28.4,33.4,237.3444444444445,266.4555555555555,282.0444444444445,308.4888888888889
18.3,26.3,29.3,34.0,160.01111111111112,164.01111111111112,149.12222222222226,132.44444444444443
10.9,16.1,18.7,24.0,47.65555555555555,54.32222222222222,63.56666666666667,69.77777777777777
16.0,21.2,25.0,28.9,95.55555555555556,118.6222222222222,112.8888888888889,123.65555555555557
11.8,17.5,20.1,25.2,67.51111111111112,99.83333333333331,84.76666666666667,89.28888888888889
10.9,17.9,20.1,27.5,84.54444444444442,67.21111111111111,57.21111111111111,96.50000000000003
9.6,16.0,18.4,24.0,23.37777777777778,37.333333333333336,25.60000000000001,21.11111111111111
15.3,19.8,24.1,28.4,97.1222222222222,136.84444444444443,129.4333333333333,147.15555555555554
11.0,19.0,22.0,27.7,76.22222222222223,63.111111111111114,47.99999999999999,69.78888888888889
18.0,24.8,27.9,33.0,221.11111111111111,224.1777777777778,224.76666666666668,242.44444444444446
13.2,18.8,22.2,28.2,47.73333333333334,55.95555555555556,74.84444444444446,79.95555555555558
22.2,27.1,30.1,36.2,438.1777777777778,478.7666666666667,466.09999999999997,477.9555555555555
15.4,21.4,24.7,31.9,101.15555555555555,135.15555555555554,164.23333333333335,163.2111111111111
8.1,13.9,17.2,24.6,30.322222222222226,47.43333333333332,41.06666666666666,35.599999999999994
12.0,19.4,23.3,29.4,29.77777777777778,44.04444444444444,45.7888888888889,79.82222222222222
17.4,22.5,25.8,33.4,168.26666666666668,155.38888888888889,169.95555555555555,182.26666666666668
14.5,25.6,28.4,34.1,51.388888888888886,414.4888888888889,415.6,461.87777777777785
12.4,19.4,22.4,30.1,83.6,90.71111111111112,78.26666666666665,74.32222222222224
11.5,20.6,23.6,28.1,59.611111111111114,112.04444444444444,120.4888888888889,147.43333333333334
17.7,25.6,29.9,34.8,350.8999999999999,473.6000000000001,501.21111111111117,478.3999999999999
11.7,15.5,19.4,26.1,42.01111111111111,39.388888888888886,42.26666666666667,88.10000000000001
11.9,17.6,20.2,25.3,71.87777777777778,100.93333333333334,110.84444444444445,80.23333333333333
14.5,19.1,22.1,27.2,65.38888888888889,73.65555555555555,56.09999999999999,41.955555555555556
12.5,18.6,21.3,27.1,181.83333333333334,170.93333333333337,169.34444444444446,165.2111111111111
14.3,19.7,23.5,28.1,210.0111111111111,192.0111111111111,188.5,208.10000000000002
13.7,20.4,23.2,29.2,45.344444444444434,60.93333333333333,53.955555555555556,93.95555555555558
13.3,18.2,21.2,27.5,80.9,66.6222222222222,67.06666666666666,100.5
12.3,17.0,21.5,27.3,43.78888888888889,46.444444444444436,60.05555555555556,61.344444444444434
13.2,19.4,21.5,28.4,47.06666666666668,56.26666666666668,48.94444444444444,92.48888888888888
21.9,27.6,30.9,35.7,290.76666666666665,257.59999999999997,235.87777777777774,287.34444444444443
15.2,23.1,27.1,32.7,88.62222222222223,116.54444444444445,127.43333333333334,117.12222222222223
10.4,17.1,19.9,25.5,32.71111111111111,28.1,32.1,18.277777777777775
12.3,19.5,22.8,28.7,48.01111111111111,76.72222222222223,66.4,92.01111111111112
11.5,19.1,21.9,28.2,26.055555555555554,63.87777777777777,54.544444444444444,65.73333333333332
12.4,16.9,20.9,27.1,56.93333333333333,82.76666666666667,72.1,64.32222222222222
14.1,19.9,22.3,27.8,90.10000000000001,134.1,104.01111111111112,115.28888888888888
14.5,20.4,24.4,29.7,93.83333333333331,99.37777777777778,63.15555555555555,63.34444444444445
12.7,19.1,21.8,27.0,110.01111111111109,96.76666666666667,81.73333333333335,131.33333333333334
15.8,19.9,23.2,29.4,130.17777777777778,131.87777777777782,132.6222222222222,110.04444444444444
13.5,21.9,25.8,31.8,107.38888888888889,89.65555555555555,89.5111111111111,86.39999999999999
14.4,22.3,28.4,34.8,123.37777777777781,167.12222222222218,196.26666666666677,248.3999999999999
15.0,23.0,26.2,32.4,115.33333333333333,180.44444444444446,161.2888888888889,142.26666666666668
13.1,19.6,21.8,27.6,39.211111111111116,34.266666666666666,37.06666666666665,61.37777777777777
15.8,20.4,24.2,30.9,132.1777777777778,149.6,181.5111111111111,148.54444444444445
22.2,27.8,31.3,38.2,558.8444444444444,563.5111111111113,542.6777777777777,542.6222222222223
8.4,16.4,19.4,25.2,9.600000000000001,32.933333333333344,45.82222222222222,65.5111111111111
12.6,18.7,22.0,28.0,83.82222222222222,80.67777777777778,111.11111111111111,115.11111111111114
13.4,24.9,29.5,36.5,76.26666666666667,220.54444444444445,185.1666666666667,202.05555555555551
13.0,18.3,21.8,27.6,77.77777777777777,85.78888888888889,87.73333333333333,72.04444444444444
11.0,16.6,19.7,24.4,50.44444444444445,38.48888888888889,38.23333333333333,37.82222222222222
19.4,25.3,28.5,32.9,188.4888888888889,187.7888888888889,165.83333333333334,207.65555555555557
9.6,14.3,18.5,24.9,39.60000000000001,50.67777777777777,84.72222222222223,71.65555555555555
12.9,18.2,20.8,26.9,47.87777777777778,54.400000000000006,61.06666666666667,83.21111111111112
13.5,19.5,21.8,27.5,68.05555555555556,82.94444444444444,82.84444444444443,124.2777777777778
11.3,21.9,25.6,31.7,42.23333333333332,111.8777777777778,109.6,115.34444444444443
10.0,16.6,19.7,24.4,43.77777777777778,56.93333333333333,61.78888888888889,76.48888888888888
12.1,18.7,21.8,29.1,27.87777777777778,19.566666666666663,16.622222222222224,34.766666666666666
16.2,24.4,29.6,35.0,155.5111111111111,113.6,141.82222222222222,167.55555555555554
20.7,25.8,29.7,34.9,176.45555555555558,216.39999999999998,246.23333333333332,239.87777777777774
11.7,16.4,20.4,25.9,58.67777777777778,102.26666666666667,105.15555555555554,102.32222222222222
8.8,14.9,17.6,24.1,17.955555555555552,13.877777777777776,19.82222222222221,37.65555555555555
13.6,22.5,24.5,32.4,56.26666666666667,54.72222222222222,50.05555555555554,49.37777777777778
19.1,26.0,29.4,37.3,78.1,109.11111111111111,121.60000000000001,131.12222222222223
13.2,18.5,20.4,27.3,189.2888888888889,252.05555555555554,228.48888888888885,283.1222222222222
21.3,26.1,28.4,36.3,159.1222222222222,168.76666666666662,172.04444444444445,187.56666666666666
10.3,21.4,24.1,31.5,67.34444444444445,189.6,176.9888888888889,166.94444444444446
18.2,26.0,28.5,32.9,203.73333333333338,221.11111111111111,224.72222222222223,266.9888888888889
14.6,21.6,24.9,29.4,101.6,98.48888888888888,105.21111111111111,113.37777777777778
11.6,17.5,20.3,25.1,42.488888888888894,52.72222222222222,56.45555555555555,74.32222222222224
13.4,18.4,21.6,27.7,199.15555555555554,190.26666666666665,154.9333333333333,181.12222222222223
9.8,17.7,21.3,26.7,36.84444444444444,52.900000000000006,67.78888888888889,82.23333333333333
9.2,15.0,18.1,23.9,11.733333333333334,31.333333333333332,29.43333333333333,35.65555555555555
15.5,24.2,27.2,34.5,200.5,343.9555555555555,305.06666666666666,351.1666666666667
10.5,14.8,18.2,23.6,41.833333333333336,40.62222222222223,47.955555555555556,61.15555555555555
19.1,26.7,30.1,36.2,332.9888888888888,386.9,382.1,312.62222222222215
14.4,19.4,22.7,28.3,85.82222222222222,83.82222222222224,120.45555555555555,136.89999999999998
12.7,21.5,25.3,30.7,52.01111111111112,91.61111111111111,85.34444444444445,70.01111111111112
15.4,22.7,25.7,30.3,53.37777777777777,68.45555555555558,72.67777777777778,60.677777777777806
14.9,20.0,22.2,28.3,76.54444444444444,85.11111111111111,96.17777777777778,152.4555555555556
13.9,21.4,24.3,29.3,64.1,78.7111111111111,61.34444444444445,59.788888888888906
18.7,24.4,28.3,34.6,313.1222222222222,325.1555555555555,367.1222222222222,307.3777777777778
18.9,24.4,27.4,32.8,184.98888888888894,185.15555555555557,190.7111111111111,132.62222222222223
9.7,16.4,19.8,25.0,45.78888888888889,42.93333333333333,60.84444444444445,102.44444444444447
18.8,26.8,29.3,34.2,189.5111111111111,168.62222222222223,149.7888888888889,119.73333333333335
8.2,17.3,19.7,25.9,22.177777777777774,8.899999999999999,6.900000000000001,25.21111111111111
15.6,21.3,24.2,30.8,96.04444444444444,121.34444444444443,113.06666666666666,75.73333333333333
12.9,18.6,21.9,27.2,49.87777777777777,55.82222222222222,60.544444444444444,47.06666666666668
16.3,23.3,26.6,32.6,229.3444444444445,265.34444444444443,258.26666666666665,226.04444444444445
12.5,17.9,21.5,27.9,29.38888888888889,33.65555555555555,49.611111111111114,66.32222222222224
11.2,16.4,18.4,23.4,50.17777777777778,58.71111111111112,67.6,64.93333333333332
15.3,21.3,25.1,30.3,69.12222222222222,118.23333333333332,125.21111111111112,95.12222222222222
11.7,21.0,23.5,29.0,47.78888888888889,76.44444444444446,84.05555555555556,93.77777777777776
17.8,22.6,26.2,31.6,167.2888888888889,190.26666666666665,179.73333333333332,159.60000000000002
12.7,19.0,22.3,29.7,108.01111111111112,85.55555555555556,94.45555555555556,102.45555555555555
17.6,23.3,24.6,30.5,379.82222222222225,413.56666666666666,396.26666666666665,378.05555555555554
10.5,16.1,18.9,23.3,22.277777777777775,25.211111111111112,25.655555555555555,28.900000000000002
12.2,18.5,21.4,26.8,88.62222222222223,98.9444444444444,118.71111111111112,113.28888888888889
14.0,20.2,23.1,28.8,83.55555555555553,75.73333333333335,75.43333333333334,87.51111111111112
19.0,25.4,28.0,33.8,289.1111111111111,378.0444444444445,391.1111111111111,451.06666666666666
10.3,16.5,19.9,25.9,103.34444444444446,98.94444444444443,104.9888888888889,129.65555555555557
11.9,17.8,20.8,25.1,120.10000000000001,129.73333333333332,148.8444444444444,152.1
12.3,17.3,20.5,26.3,56.900000000000006,64.0111111111111,65.61111111111111,65.34444444444446
12.7,19.0,22.1,27.8,69.56666666666666,90.44444444444444,113.43333333333335,96.17777777777776
13.8,19.3,23.0,29.6,67.06666666666666,79.12222222222223,75.77777777777777,104.9333333333333
13.5,20.9,24.1,28.6,188.7222222222222,159.2111111111111,169.65555555555554,171.8222222222222
14.1,19.7,22.2,27.1,56.98888888888889,66.23333333333332,59.955555555555556,68.09999999999998
8.7,16.8,19.7,24.6,20.233333333333334,11.511111111111118,20.677777777777784,28.044444444444437
13.2,19.2,21.8,29.9,31.06666666666667,79.73333333333333,71.73333333333333,73.87777777777778
15.9,22.1,25.2,29.8,628.9888888888888,642.5444444444445,691.9555555555556,652.8444444444444
10.6,17.2,20.5,26.7,57.82222222222222,71.06666666666666,79.16666666666667,96.0111111111111
19.6,25.4,28.4,33.4,172.71111111111114,184.9333333333333,203.3777777777778,250.7111111111111
11.6,15.1,18.3,24.9,30.711111111111116,30.54444444444444,36.23333333333334,23.211111111111112
13.6,21.1,25.5,31.6,159.15555555555557,122.10000000000001,123.61111111111111,147.3777777777778
12.3,18.8,22.1,28.5,32.900000000000006,26.400000000000006,23.43333333333333,32.277777777777786
11.6,16.2,20.2,25.3,124.26666666666665,117.28888888888888,84.39999999999999,88.23333333333332
10.3,17.6,20.3,25.5,78.23333333333333,56.044444444444444,46.233333333333334,103.83333333333333
15.6,21.2,25.9,31.1,116.26666666666665,135.06666666666666,109.21111111111111,123.87777777777777
8.8,14.8,18.1,22.3,48.17777777777778,103.73333333333333,97.21111111111111,94.23333333333333
12.8,16.8,18.8,25.1,42.400000000000006,41.28888888888889,41.511111111111106,69.87777777777775
14.1,19.4,22.8,29.0,165.43333333333334,211.82222222222222,251.28888888888892,250.66666666666666
11.0,18.1,19.6,26.1,31.11111111111111,37.43333333333334,36.93333333333334,51.65555555555558
15.0,22.0,25.0,32.3,113.55555555555554,96.88888888888889,114.44444444444444,139.1222222222222
17.3,23.5,25.9,33.0,149.56666666666666,157.61111111111111,147.43333333333334,197.77777777777777
12.4,18.3,20.1,25.6,51.6,77.78888888888886,79.43333333333334,101.82222222222221
11.6,18.4,20.9,30.3,30.711111111111116,74.26666666666667,93.43333333333334,113.56666666666666
13.5,19.4,23.7,30.3,98.27777777777777,117.15555555555557,156.45555555555555,190.6777777777778
15.7,20.4,23.3,29.7,144.4555555555556,208.9333333333333,195.1222222222222,200.23333333333335
12.4,19.5,22.2,27.3,24.044444444444448,47.166666666666664,39.733333333333334,40.01111111111111
16.8,23.2,27.0,32.7,98.6222222222222,113.28888888888889,140.0,114.89999999999999
13.9,19.4,22.2,28.3,76.98888888888888,67.37777777777778,62.17777777777777,81.56666666666666
12.3,18.2,21.3,25.7,46.011111111111106,43.28888888888889,57.12222222222223,51.34444444444445
11.7,19.5,22.2,27.0,48.011111111111106,79.61111111111111,82.17777777777779,66.88888888888889
11.8,17.0,20.2,25.5,77.51111111111112,56.66666666666666,57.28888888888889,70.5
16.7,23.6,28.0,32.4,341.56666666666666,303.82222222222225,326.2222222222223,321.8222222222222
11.5,19.6,22.9,28.4,15.166666666666666,96.26666666666665,104.76666666666667,152.7111111111111
15.6,20.3,23.2,28.4,226.7111111111111,236.45555555555555,255.9555555555556,263.6
15.8,23.5,26.1,30.8,102.84444444444445,95.38888888888889,113.65555555555555,131.06666666666666
12.1,18.7,19.9,25.0,49.43333333333331,50.900000000000006,59.21111111111112,75.77777777777777
13.3,18.2,21.4,26.8,49.788888888888884,35.733333333333334,59.37777777777779,45.95555555555555
13.7,19.1,22.7,28.5,77.12222222222222,82.32222222222222,90.45555555555555,79.38888888888889
12.4,17.7,21.0,25.2,66.04444444444444,56.455555555555556,57.11111111111112,47.51111111111111
14.8,21.7,25.5,33.1,100.17777777777778,57.56666666666667,79.61111111111111,117.43333333333332
10.6,18.9,22.2,27.1,81.6,73.21111111111112,89.73333333333333,72.32222222222222
9.2,15.8,19.0,24.3,44.84444444444445,72.84444444444445,78.66666666666666,116.0111111111111
14.8,20.9,24.2,30.2,69.73333333333333,52.3222222222222,40.84444444444445,60.844444444444406
21.9,29.8,32.8,38.4,348.3222222222223,363.06666666666666,358.40000000000003,360.9333333333334
14.2,20.0,22.0,26.2,41.51111111111111,48.44444444444444,44.44444444444444,60.17777777777778
11.4,17.6,22.2,28.4,101.3777777777778,127.59999999999998,129.5111111111111,98.26666666666668
10.9,16.6,19.0,24.9,45.877777777777766,52.71111111111111,44.0,40.54444444444445
16.7,25.0,27.3,32.3,133.7888888888889,160.44444444444446,146.67777777777778,223.56666666666666
13.3,20.3,22.3,27.8,82.45555555555558,92.0111111111111,96.67777777777779,99.2888888888889
6.9,13.9,17.0,22.1,6.322222222222222,34.54444444444445,40.22222222222222,46.988888888888894
10.8,20.0,22.7,29.1,66.4,213.99999999999997,202.23333333333332,207.87777777777777
14.4,21.0,25.2,30.0,107.15555555555555,136.88888888888889,167.95555555555555,170.22222222222223
12.2,19.5,22.0,28.8,55.06666666666667,88.05555555555556,96.22222222222223,105.28888888888889
14.1,19.4,23.4,30.6,79.87777777777778,101.82222222222222,58.93333333333333,83.37777777777777
12.6,18.2,22.5,30.3,45.82222222222222,44.62222222222223,46.72222222222222,32.67777777777778
15.4,19.8,24.1,31.0,98.48888888888888,93.95555555555555,107.43333333333334,133.77777777777777
9.7,13.5,16.8,21.8,42.455555555555556,32.72222222222222,38.62222222222223,39.511111111111106
12.3,18.1,21.0,27.9,83.78888888888889,83.43333333333334,92.44444444444444,115.8777777777778
14.6,19.7,23.2,29.7,83.37777777777778,108.45555555555556,165.73333333333332,188.23333333333332
12.2,17.3,19.5,24.2,83.06666666666666,88.67777777777776,72.72222222222221,97.06666666666666
12.8,18.3,21.3,27.5,174.84444444444443,196.89999999999998,194.45555555555558,196.05555555555554
20.3,27.9,30.5,36.7,545.5666666666667,532.7666666666667,487.1666666666667,560.4555555555555
9.8,15.7,19.1,26.6,67.95555555555558,98.90000000000002,104.76666666666668,86.93333333333334
14.8,19.5,23.7,28.9,149.28888888888886,166.27777777777774,186.23333333333335,165.2111111111111
18.4,23.1,26.3,30.8,247.59999999999997,253.43333333333328,236.01111111111115,259.73333333333335
13.7,19.9,22.9,28.0,79.34444444444443,113.2111111111111,118.76666666666665,110.44444444444443
18.0,25.2,29.3,36.9,227.77777777777777,216.6222222222222,202.0111111111111,198.76666666666665
14.8,20.2,22.9,29.9,31.955555555555552,43.066666666666656,48.32222222222222,54.32222222222223
14.8,21.7,23.9,28.8,78.39999999999998,148.67777777777778,131.4333333333333,139.95555555555558
12.6,20.5,24.5,30.0,92.26666666666667,108.94444444444444,90.05555555555556,119.33333333333333
19.1,26.5,29.4,35.0,80.9888888888889,81.16666666666669,92.93333333333334,97.77777777777777
15.1,23.4,26.4,33.5,129.8777777777778,149.82222222222222,176.26666666666665,188.27777777777777
17.5,21.6,24.6,30.0,158.05555555555554,139.82222222222222,167.3777777777778,174.22222222222223
13.6,17.9,21.6,26.9,137.6,129.65555555555557,138.7111111111111,140.54444444444445
13.9,17.7,20.5,27.7,117.43333333333334,114.0111111111111,108.5,138.67777777777778
14.7,19.8,23.7,30.7,79.78888888888889,83.51111111111112,99.56666666666666,92.01111111111112
14.5,20.2,23.6,29.4,136.27777777777777,131.06666666666666,140.26666666666665,143.82222222222222
12.7,16.9,20.7,27.0,102.67777777777776,90.76666666666665,92.45555555555556,114.0
16.4,22.2,26.5,32.1,80.93333333333334,91.95555555555556,97.83333333333333,123.21111111111112
10.4,18.0,21.9,28.1,33.599999999999994,49.333333333333336,50.32222222222222,48.766666666666666
9.4,14.5,18.6,23.9,73.82222222222222,73.83333333333331,61.37777777777777,91.65555555555555
12.3,17.1,19.8,25.2,34.233333333333334,32.766666666666666,28.844444444444452,37.73333333333334
17.8,23.7,26.0,33.0,108.84444444444445,121.34444444444446,140.88888888888889,175.33333333333334
12.5,19.6,23.2,28.6,32.27777777777778,78.4888888888889,99.95555555555556,78.93333333333334
14.4,19.9,22.4,28.7,235.3777777777778,205.65555555555554,208.93333333333334,226.01111111111106
10.4,14.9,18.3,23.3,80.04444444444445,76.76666666666668,85.56666666666666,79.34444444444445
16.5,22.8,26.4,31.6,180.72222222222223,155.73333333333335,162.7111111111111,134.4888888888889
11.2,18.5,21.8,28.3,44.400000000000006,62.05555555555556,113.28888888888888,100.45555555555555
14.6,23.5,27.0,32.4,133.6,140.5,130.88888888888889,149.37777777777777
16.3,22.1,24.8,31.1,254.0111111111111,281.4333333333334,300.6222222222222,286.5444444444445
15.2,21.5,25.0,28.6,224.62222222222223,279.6111111111111,245.33333333333334,298.71111111111117
18.8,28.1,31.2,37.6,190.39999999999998,195.65555555555557,215.5111111111111,210.26666666666665
16.4,22.0,24.7,29.6,133.3777777777778,157.77777777777777,142.23333333333335,147.6
16.6,21.4,25.1,31.4,118.93333333333334,138.04444444444445,135.4333333333333,123.1555555555556
13.0,17.5,21.0,26.5,45.111111111111114,32.05555555555556,33.55555555555556,22.055555555555557
15.5,20.7,23.8,28.6,73.83333333333333,80.9,71.51111111111112,53.82222222222222
15.9,20.4,22.7,27.1,131.65555555555557,140.9333333333333,137.7888888888889,127.43333333333334
18.0,23.6,27.2,32.7,90.88888888888889,106.93333333333332,99.73333333333333,121.12222222222219
8.2,13.8,16.8,23.2,22.177777777777777,29.95555555555556,37.955555555555556,29.28888888888889
16.8,23.7,26.8,33.7,525.9555555555556,471.3444444444445,505.0666666666667,538.9000000000001
12.5,18.6,22.7,27.8,82.05555555555556,62.4888888888889,98.45555555555553,119.28888888888888
16.9,22.2,24.9,30.2,315.65555555555557,283.73333333333335,272.76666666666665,285.2888888888889
17.0,24.4,28.1,33.6,96.88888888888889,199.82222222222222,170.10000000000002,150.04444444444442
14.3,20.8,23.8,29.0,46.233333333333334,94.6222222222222,101.06666666666666,119.33333333333333
13.2,20.5,23.6,29.8,105.06666666666666,136.05555555555554,135.60000000000002,195.28888888888886
12.2,18.1,22.6,27.3,187.06666666666666,246.76666666666674,298.93333333333334,301.7888888888889
13.3,19.3,22.7,28.7,33.78888888888889,56.45555555555555,57.34444444444445,84.45555555555555
9.9,15.6,19.0,24.4,12.544444444444444,20.711111111111112,30.22222222222222,27.600000000000005
14.1,21.3,24.8,30.9,144.32222222222222,130.23333333333332,149.06666666666666,182.76666666666668
16.7,23.3,27.9,35.2,69.1222222222222,111.34444444444442,96.10000000000002,105.95555555555555
12.3,17.5,20.8,26.1,107.56666666666668,126.5,108.62222222222222,148.3222222222222
18.2,24.6,29.1,35.2,365.9555555555555,316.48888888888894,297.43333333333334,333.5111111111111
17.3,23.3,26.5,31.5,86.9,144.67777777777775,141.6111111111111,140.27777777777777
20.3,27.2,30.4,37.6,140.89999999999998,194.17777777777778,181.15555555555557,227.82222222222222
13.0,20.8,23.1,29.1,84.66666666666667,138.17777777777778,135.43333333333334,135.8777777777778
10.2,15.6,18.7,22.0,44.62222222222222,48.71111111111111,54.23333333333333,62.666666666666664
11.7,17.2,21.8,28.0,93.56666666666668,105.28888888888888,121.51111111111112,156.44444444444446
14.2,19.8,22.7,29.6,192.84444444444443,183.73333333333332,206.01111111111112,239.82222222222222
18.5,23.9,29.4,33.4,95.38888888888889,102.32222222222221,99.3777777777778,95.82222222222222
10.9,16.9,19.8,25.2,18.1,15.211111111111109,9.955555555555557,13.511111111111111
15.1,22.7,27.3,34.4,69.43333333333334,56.455555555555556,63.12222222222221,90.04444444444445
11.1,18.1,22.9,27.7,56.099999999999994,77.65555555555554,85.43333333333334,87.78888888888889
14.8,19.6,22.2,28.1,150.1777777777778,153.3777777777778,139.95555555555555,207.4333333333333
17.6,23.9,27.6,33.2,72.26666666666667,137.65555555555557,128.04444444444445,120.84444444444446
15.5,21.2,24.1,27.4,91.38888888888889,67.95555555555556,77.43333333333334,92.26666666666667
14.5,20.6,23.1,30.2,107.38888888888889,105.60000000000001,96.98888888888888,112.84444444444446
12.8,19.2,22.3,28.3,49.51111111111111,38.84444444444444,28.233333333333334,57.78888888888889
21.7,30.2,33.7,39.1,153.7888888888889,213.95555555555555,199.12222222222223,223.87777777777777
16.0,21.1,23.9,30.0,37.77777777777778,52.766666666666666,50.98888888888889,94.66666666666667
9.2,15.4,19.7,27.5,23.288888888888895,34.26666666666667,58.455555555555556,83.61111111111111
14.6,21.6,23.9,29.8,106.48888888888888,148.26666666666665,131.65555555555554,121.06666666666663
14.3,18.9,22.0,28.9,64.45555555555555,60.54444444444445,48.888888888888886,57.65555555555555
9.1,15.7,17.8,24.5,29.21111111111111,25.788888888888888,21.95555555555556,36.722222222222214
10.9,18.6,22.0,27.7,48.76666666666667,56.71111111111111,71.77777777777777,116.89999999999999
15.4,21.2,24.9,29.7,88.48888888888888,106.4,99.43333333333334,92.23333333333332
14.8,20.4,23.9,29.5,50.17777777777778,60.48888888888889,47.21111111111111,26.722222222222232
14.6,20.2,23.4,30.3,119.3777777777778,120.17777777777776,103.15555555555555,138.6777777777778
12.3,17.3,21.7,26.8,36.233333333333334,60.01111111111111,55.56666666666664,68.4
13.6,19.9,24.5,31.2,136.04444444444445,107.87777777777778,126.72222222222223,140.1777777777778
12.7,18.9,21.0,26.9,30.011111111111113,78.54444444444444,59.1111111111111,77.65555555555554
15.3,23.6,26.0,34.0,89.34444444444443,107.82222222222225,92.88888888888889,113.11111111111107
14.7,22.4,25.7,32.0,159.34444444444443,177.82222222222228,158.23333333333338,148.22222222222223
13.7,22.6,26.1,33.0,76.0111111111111,131.82222222222222,143.2111111111111,167.55555555555554
15.2,22.1,24.8,31.6,121.73333333333332,270.32222222222225,275.2888888888889,301.6
12.8,19.0,21.5,26.1,70.4,57.111111111111114,43.611111111111114,49.21111111111111
10.3,17.3,21.5,26.1,38.900000000000006,61.34444444444446,70.27777777777777,78.54444444444442
12.4,18.0,21.3,27.8,104.26666666666668,94.44444444444446,118.0111111111111,116.84444444444446
10.2,15.9,18.9,24.5,41.955555555555556,45.65555555555555,50.544444444444444,64.05555555555556
14.2,20.3,22.4,29.5,83.06666666666668,94.9,84.48888888888888,80.27777777777777
15.5,20.2,24.3,29.9,123.83333333333333,97.06666666666666,119.56666666666666,127.21111111111112
17.0,23.8,26.0,30.2,162.0,181.51111111111112,228.66666666666666,192.39999999999998
13.1,20.3,22.8,29.2,56.76666666666667,54.011111111111106,52.4,50.84444444444445
20.5,25.3,28.5,33.0,172.94444444444443,188.89999999999998,197.83333333333331,258.6666666666667
21.7,30.2,32.9,40.2,113.12222222222222,142.17777777777778,130.54444444444445,173.28888888888886
10.1,16.8,19.6,24.2,44.099999999999994,59.06666666666667,57.37777777777777,67.06666666666666
17.0,21.6,25.2,30.8,261.55555555555554,317.82222222222225,282.1777777777777,301.73333333333335
15.8,21.1,23.4,29.0,88.84444444444446,92.76666666666667,80.93333333333334,98.0
18.3,25.2,28.2,34.7,176.67777777777783,139.95555555555552,167.5111111111111,145.5666666666667
9.6,17.0,19.7,26.7,30.71111111111111,19.77777777777778,36.23333333333333,40.677777777777784
9.5,15.0,17.8,25.8,10.277777777777777,18.22222222222222,18.4,28.62222222222222
10.1,17.3,21.0,26.5,62.099999999999994,62.01111111111111,91.33333333333333,80.50000000000001
16.5,22.0,25.2,30.0,34.94444444444444,44.66666666666666,57.28888888888889,91.77777777777777
16.2,23.0,27.2,33.4,268.62222222222215,320.6666666666667,323.9555555555555,299.3777777777778
12.5,17.4,20.5,26.8,62.05555555555556,66.26666666666667,88.94444444444444,125.06666666666666
22.3,28.9,32.4,39.9,176.89999999999998,220.32222222222222,240.93333333333334,262.1
18.1,23.9,27.9,32.2,456.09999999999997,454.09999999999997,408.76666666666665,424.1777777777778
18.0,24.4,26.6,33.6,204.66666666666666,262.26666666666665,258.93333333333334,292.9333333333333
13.1,20.0,21.9,27.5,68.54444444444444,55.111111111111114,53.655555555555566,92.27777777777777
12.9,20.5,22.7,26.0,82.76666666666667,129.16666666666666,130.0111111111111,125.11111111111114
15.5,22.6,24.9,31.3,130.5,181.37777777777777,205.87777777777782,176.23333333333332
9.2,16.7,19.4,25.3,42.62222222222223,46.233333333333334,61.82222222222223,73.56666666666666
15.9,22.0,24.4,30.9,130.9888888888889,190.44444444444446,204.7111111111111,183.43333333333328
14.3,23.7,26.3,33.1,116.45555555555558,229.34444444444443,214.45555555555555,244.54444444444445
14.8,22.4,25.1,31.5,91.73333333333333,122.48888888888888,99.21111111111111,150.72222222222223
11.4,19.3,22.5,30.1,61.599999999999994,96.23333333333332,102.05555555555556,106.98888888888888
13.5,19.1,22.7,29.0,94.72222222222221,111.65555555555557,114.45555555555558,115.11111111111111
13.8,21.0,24.7,29.9,144.62222222222223,135.55555555555554,174.23333333333338,162.76666666666665
12.4,18.9,21.8,28.3,64.93333333333332,52.32222222222222,49.73333333333335,84.0111111111111
12.2,19.7,22.7,28.0,73.5111111111111,72.67777777777776,89.12222222222223,104.66666666666667
17.4,28.0,30.8,37.1,284.4888888888889,412.44444444444446,360.40000000000003,394.76666666666665
16.8,22.0,26.5,33.0,215.51111111111106,206.2222222222222,280.72222222222223,302.0
15.4,21.0,25.6,34.0,205.1555555555555,196.8888888888889,228.48888888888885,233.11111111111117
12.8,18.7,21.4,27.2,74.17777777777776,88.45555555555558,75.15555555555555,74.39999999999999
20.0,24.8,28.6,36.5,152.88888888888889,186.4,185.1555555555555,179.61111111111111
11.8,19.4,23.2,28.3,77.73333333333332,97.37777777777778,79.95555555555555,74.67777777777776
21.4,29.6,32.0,38.0,482.71111111111117,428.7111111111111,440.44444444444446,456.0
16.9,22.2,25.9,31.2,189.43333333333334,252.17777777777778,254.98888888888885,257.7333333333333
10.4,15.3,17.3,22.6,31.600000000000005,29.78888888888889,31.34444444444445,42.044444444444444
8.8,15.3,18.7,23.8,45.06666666666666,49.78888888888889,58.01111111111113,45.2888888888889
9.9,17.3,20.0,26.9,39.21111111111111,88.9,78.44444444444444,108.1
20.0,26.2,28.7,34.2,210.88888888888889,297.9555555555555,288.01111111111106,322.17777777777775
13.4,20.5,22.3,28.9,62.266666666666666,80.72222222222223,93.12222222222222,95.8777777777778
10.0,17.9,20.6,27.3,60.888888888888886,88.1,106.26666666666667,72.89999999999999
10.6,15.4,18.5,23.7,88.26666666666668,75.15555555555555,60.27777777777778,58.0111111111111
16.5,23.3,26.7,31.2,141.3888888888889,146.6777777777778,180.0111111111111,153.7333333333333
15.8,21.5,24.4,30.2,102.17777777777778,102.05555555555556,114.04444444444442,148.39999999999998
14.1,20.3,23.7,28.4,135.65555555555557,206.89999999999998,212.67777777777775,223.60000000000002
21.6,28.0,31.2,36.6,275.3777777777778,288.8888888888889,328.8444444444444,337.15555555555557
12.9,19.3,23.5,28.9,53.65555555555556,57.56666666666667,70.94444444444444,119.43333333333334
19.0,26.0,30.1,36.8,110.22222222222223,100.44444444444444,124.54444444444445,135.95555555555558
18.9,27.0,31.3,37.9,244.54444444444445,447.7777777777778,460.4555555555555,550.1
11.9,17.4,20.1,26.0,24.322222222222223,30.933333333333337,46.9888888888889,37.33333333333333
9.5,17.4,20.4,27.2,29.38888888888889,60.26666666666668,60.26666666666665,46.400000000000006
17.1,21.8,24.6,29.3,163.4333333333333,166.17777777777778,159.82222222222222,145.1222222222222
16.3,21.7,24.5,29.5,126.90000000000002,119.1222222222222,121.83333333333333,128.5
10.6,15.4,18.3,23.3,16.044444444444448,18.48888888888889,21.122222222222216,45.56666666666667
10.7,16.3,19.7,25.3,40.01111111111111,46.23333333333335,62.23333333333336,96.23333333333332
15.5,21.4,24.0,29.9,171.38888888888889,164.4888888888889,155.77777777777777,158.7666666666666
12.4,19.5,21.6,27.8,28.488888888888887,56.277777777777764,51.37777777777777,62.400000000000006
11.5,18.7,22.7,28.5,66.5,90.23333333333333,102.2333333333333,90.72222222222223
10.7,15.7,18.8,22.5,37.34444444444445,75.1222222222222,79.51111111111112,83.83333333333333
10.1,15.6,18.6,25.6,12.544444444444443,25.599999999999998,16.48888888888889,46.71111111111112
12.3,19.3,22.7,28.5,104.89999999999999,174.6777777777778,174.23333333333335,188.05555555555554
10.1,16.2,20.1,25.2,24.98888888888889,28.622222222222224,46.099999999999994,54.62222222222221
14.1,20.3,22.6,28.2,99.43333333333334,86.0111111111111,79.6,99.5111111111111
10.4,15.2,17.8,25.0,41.37777777777778,44.622222222222234,51.06666666666668,88.0
12.9,18.5,22.2,28.3,107.21111111111111,71.61111111111111,73.51111111111112,79.34444444444445
10.7,19.1,22.3,27.7,25.788888888888884,28.76666666666666,25.566666666666677,43.122222222222234
11.0,15.9,19.3,25.7,38.66666666666666,36.099999999999994,33.12222222222223,65.12222222222223
18.2,21.4,25.2,31.0,40.62222222222222,44.044444444444444,80.62222222222222,76.66666666666666
14.1,20.2,24.2,31.7,81.43333333333334,86.62222222222223,135.51111111111112,135.34444444444443
13.1,20.6,22.8,30.5,98.32222222222222,141.82222222222222,150.62222222222223,174.94444444444449
10.2,15.9,19.2,27.4,21.733333333333334,26.322222222222226,24.62222222222222,43.15555555555556
15.7,20.7,23.8,32.9,172.23333333333332,193.56666666666666,183.2888888888889,247.65555555555557
15.6,20.8,25.2,30.6,58.933333333333344,57.5111111111111,40.4,38.93333333333333
14.2,21.4,25.2,28.8,164.39999999999998,140.26666666666668,118.6222222222222,129.73333333333332
16.2,22.6,26.6,32.1,314.1777777777778,330.7111111111111,311.3777777777778,304.9888888888888
12.3,17.8,20.9,27.4,54.67777777777778,75.06666666666666,68.76666666666667,88.26666666666667
11.9,18.0,21.4,27.1,17.65555555555555,21.777777777777786,25.155555555555555,53.43333333333333
14.2,22.3,25.8,32.9,79.06666666666666,47.56666666666667,43.28888888888889,31.211111111111123
18.1,25.8,29.0,36.9,154.10000000000002,170.6222222222222,177.11111111111111,179.65555555555554
19.7,25.8,28.4,34.8,176.23333333333332,209.06666666666672,220.93333333333334,197.2888888888889
13.6,19.9,22.5,28.5,78.4888888888889,110.54444444444444,119.83333333333333,173.83333333333331
15.2,20.5,22.7,28.8,103.73333333333333,129.83333333333334,135.56666666666666,149.73333333333335
14.0,20.1,22.9,27.6,32.22222222222222,29.877777777777776,26.766666666666666,22.044444444444444
14.5,21.4,25.4,32.0,227.61111111111111,182.04444444444445,205.3777777777778,182.88888888888889
16.0,26.3,28.7,32.8,253.77777777777777,283.56666666666666,319.12222222222215,330.6222222222222
14.0,21.8,24.1,29.8,43.555555555555564,66.84444444444445,68.54444444444444,73.73333333333333
13.0,17.4,21.2,28.1,115.77777777777777,138.04444444444442,105.51111111111112,142.98888888888885
11.0,17.5,20.3,26.1,30.66666666666666,44.72222222222222,59.12222222222221,93.43333333333334
16.1,22.0,24.6,29.6,45.43333333333333,47.111111111111114,32.48888888888889,50.04444444444445
12.4,18.3,22.6,29.0,62.48888888888889,82.23333333333333,73.6,108.88888888888889
11.5,16.3,19.4,24.1,54.94444444444443,55.12222222222223,40.93333333333333,52.100000000000016
14.4,22.1,24.8,31.7,116.4888888888889,128.32222222222222,129.06666666666666,168.23333333333332
15.2,20.2,22.4,28.7,73.95555555555556,93.06666666666666,90.26666666666665,153.56666666666666
13.9,21.1,25.4,32.3,88.1,98.76666666666667,97.37777777777778,103.12222222222222
15.9,25.6,29.3,37.2,223.65555555555554,219.15555555555554,275.1222222222222,346.8444444444445
12.6,17.2,22.2,27.1,57.60000000000001,59.733333333333334,103.06666666666668,77.43333333333334
16.5,21.4,24.1,30.0,164.5,141.82222222222222,140.98888888888888,150.0
9.9,16.0,18.8,25.0,16.1,38.44444444444444,39.733333333333334,58.44444444444446
25.9,31.6,34.8,39.1,287.43333333333334,326.4888888888889,370.4,357.2111111111111
9.6,15.6,20.1,25.0,43.82222222222222,67.82222222222224,60.544444444444444,70.88888888888889
8.3,13.9,17.8,22.2,50.67777777777778,46.766666666666666,63.733333333333334,45.51111111111112
12.5,18.9,21.5,28.9,54.277777777777764,60.76666666666668,81.6111111111111,122.10000000000001
15.5,20.5,22.8,29.2,56.27777777777777,61.833333333333336,57.28888888888888,89.73333333333332
13.3,20.3,22.7,28.4,165.34444444444443,152.45555555555555,201.12222222222223,198.04444444444445
14.3,20.8,23.8,31.2,62.455555555555556,61.5111111111111,79.06666666666668,53.51111111111111
18.4,23.1,25.2,31.4,157.3777777777778,183.4333333333333,193.95555555555558,173.82222222222222
12.5,18.2,20.8,26.3,266.94444444444446,271.9555555555555,275.9555555555555,283.34444444444443
11.8,17.4,20.9,26.8,49.06666666666667,50.488888888888894,74.1,75.7333333333333
12.5,17.6,20.2,25.5,103.16666666666667,82.71111111111111,115.95555555555555,112.72222222222223
14.9,24.7,27.5,33.0,160.76666666666662,238.0111111111111,236.94444444444449,231.11111111111117
