,NG sim,subject,SC_0.7,SC_0.8,SC_0.9,SC_0.95,SC_0.98,SC_0.99,SC_1
0,0,2,163,279,418,514,588,604,731
1,0,0,161,274,479,585,639,681,786
2,0,7,463,772,831,961,1015,1019,1054
3,0,6,158,468,827,923,1024,1030,1143
4,0,5,244,341,647,797,1224,1232,1296
5,0,4,109,174,708,930,1168,1271,1376
6,0,11,215,699,793,847,1052,1053,1317
7,0,1,271,715,806,923,1119,1170,1351
8,0,3,182,576,963,1212,1400,1623,1627
9,0,8,198,538,932,1165,1327,1359,1554
10,0,10,416,1129,1500,1627,1718,1731,1764
11,0,15,270,377,474,563,742,774,956
12,0,9,158,736,1843,1890,2107,2130,2210
13,0,12,901,1195,1416,1462,1733,1735,1831
14,0,18,116,283,850,1005,1020,1080,1148
15,0,22,154,213,477,542,747,859,918
16,0,20,156,223,787,868,1011,1084,1202
17,0,19,139,271,842,936,1096,1149,1159
18,0,17,231,687,832,1143,1340,1502,1506
19,0,21,189,938,1038,1321,1417,1488,1655
20,0,14,883,1119,1391,1797,1946,1982,2259
21,0,28,89,150,341,415,443,449,821
22,0,25,119,166,639,822,886,1006,1112
23,0,16,238,1500,1782,1920,2039,2098,2260
24,0,23,226,346,593,606,1295,1301,1474
25,0,13,386,1722,1822,2066,2702,2721,2756
26,0,27,295,633,750,826,945,1019,1116
27,0,29,122,414,667,919,944,1147,1249
28,0,26,162,738,900,1060,1200,1270,1548
29,0,24,459,1218,1454,1628,1714,1737,1857
30,0,30,354,1097,1315,1386,1457,1462,1493
31,0,38,103,130,224,285,313,645,667
32,0,34,178,274,563,799,945,953,1073
33,0,31,547,712,962,1139,1318,1321,1347
34,0,35,491,553,819,882,944,1036,1145
35,0,37,228,627,738,817,983,995,997
36,0,33,341,719,1011,1115,1300,1459,1517
37,0,40,295,503,629,702,796,846,930
38,0,42,160,256,631,825,875,894,968
39,0,39,159,414,536,718,787,792,1305
40,0,41,214,504,643,937,1077,1120,1233
41,0,36,778,909,1415,1479,1714,1715,1768
42,0,44,190,292,694,939,1028,1047,1203
43,0,45,176,421,661,786,1066,1132,1150
44,0,32,941,2048,2317,2417,2562,2571,2590
45,0,43,221,429,1032,1264,1317,1366,1450
46,0,48,467,721,833,1037,1121,1163,1369
47,0,50,212,611,912,974,1050,1078,1099
48,0,47,123,183,927,1124,1196,1249,1518
49,0,52,173,267,534,651,734,800,1021
50,0,57,125,183,436,518,685,694,801
51,0,54,205,393,735,897,975,989,1127
52,0,56,278,779,921,1009,1273,1288,1403
53,0,53,176,788,1182,1279,1307,1513,1727
54,0,59,300,536,723,895,1004,1020,1024
55,0,55,474,728,867,1168,1417,1593,1645
56,0,61,95,142,642,834,961,999,1003
57,0,58,283,483,698,960,1347,1506,1659
58,0,49,149,1101,1488,2450,2549,2563,2608
59,0,51,198,1815,1949,2025,2155,2210,2412
60,0,60,300,533,880,912,1004,1043,1616
61,0,63,179,514,800,920,1266,1287,1371
62,0,46,687,1955,2242,2331,2580,2701,3411
63,0,65,278,318,485,569,629,691,871
64,0,66,132,213,595,648,755,814,900
65,0,62,332,557,856,1233,1361,1601,1874
66,0,67,167,320,403,499,546,1140,1241
67,0,70,244,358,542,718,787,887,953
68,0,64,302,1158,1378,1441,1591,1603,1685
69,0,68,149,334,505,689,938,941,1317
70,0,75,185,253,312,383,488,715,756
71,0,73,271,505,856,1055,1082,1178,1201
72,0,76,161,230,603,678,884,933,979
73,0,71,264,679,773,832,937,1129,1302
74,0,72,232,401,750,904,1023,1082,1355
75,0,69,364,1124,1257,1521,1661,1676,1734
76,0,74,248,850,961,1213,1483,1512,1565
77,0,80,218,359,644,664,744,879,1016
78,0,77,212,283,626,819,1104,1111,1393
79,0,78,201,312,502,908,1039,1129,1253
80,0,79,210,427,662,778,931,1065,1177
81,0,83,199,310,525,743,989,1113,1197
82,0,82,568,650,1256,1331,1430,1738,1888
83,0,90,135,401,604,770,1069,1109,1167
84,0,81,256,1285,1620,1690,1767,1801,2213
85,0,84,538,1328,1518,1803,1899,1933,1947
86,0,86,509,1036,1342,1484,1529,1561,1663
87,0,88,180,447,1215,1279,1329,1372,1480
88,0,87,184,595,1274,1452,1625,1723,1744
89,0,93,97,233,454,950,1091,1157,1272
90,0,92,184,523,777,920,1347,1486,1520
91,0,89,348,871,1185,1379,1589,1800,1881
92,0,95,162,262,424,628,702,729,744
93,0,85,339,419,1782,1877,1934,1955,2269
94,0,94,172,292,460,537,677,752,870
95,0,99,124,237,451,672,728,834,877
96,0,91,233,1287,1655,1849,1886,2035,2214
97,0,100,162,421,578,695,917,922,1334
98,0,104,154,276,604,717,798,799,863
99,0,101,182,524,681,837,945,1001,1148
100,0,97,234,894,1144,1390,1447,1610,1664
101,0,105,86,152,711,839,991,993,1133
102,0,103,258,644,959,1244,1322,1331,1440
103,0,96,330,575,1081,1283,1522,1545,2066
104,0,98,490,1115,1341,1448,1836,1864,1997
105,0,102,258,424,938,1082,1306,1366,1686
106,0,107,300,895,1351,1616,1657,1833,1840
107,0,110,210,830,1057,1215,1379,1417,1467
108,0,111,241,1049,1230,1347,1474,1498,1561
109,0,112,298,438,676,754,846,1040,1273
110,0,115,190,489,653,729,796,847,861
111,0,114,125,420,709,824,842,1023,1134
112,0,109,376,1384,1483,1556,1633,1707,1736
113,0,113,147,326,780,899,965,1256,1422
114,0,116,238,694,1002,1038,1218,1299,1305
115,0,108,472,1689,1852,2029,2343,2348,2410
116,0,123,156,255,364,477,529,532,595
117,0,118,217,427,585,689,777,899,904
118,0,120,175,289,358,419,553,777,817
119,0,121,141,194,506,561,714,768,836
120,0,106,261,2221,2622,2884,2901,3078,3335
121,0,125,126,432,536,616,687,744,746
122,0,119,324,933,1141,1218,1288,1301,1462
123,0,124,169,265,913,1017,1224,1319,1400
124,0,130,108,163,291,379,648,757,785
125,0,132,126,213,340,504,622,694,718
126,0,117,459,1263,1866,2023,2235,2242,2340
127,0,126,201,320,448,650,883,996,1295
128,0,127,228,809,947,1097,1399,1438,1443
129,0,128,313,598,837,1118,1331,1412,1453
130,0,133,210,331,742,797,882,958,1046
131,0,131,271,493,1353,1381,1437,1459,1550
132,0,136,192,378,530,702,798,1041,1060
133,0,129,243,1125,1480,1600,1661,1703,1929
134,0,122,182,2087,2261,2423,2504,2603,2687
135,0,134,223,480,1049,1370,1420,1463,1547
136,0,139,388,515,804,934,1082,1156,1179
137,0,137,314,674,889,1060,1204,1334,1511
138,0,141,150,306,555,636,937,1013,1056
139,0,145,142,182,350,400,447,559,679
140,0,138,401,538,891,965,1262,1371,1561
141,0,140,146,225,982,1188,1398,1428,1495
142,0,143,342,821,1211,1370,1624,1693,1799
143,0,144,282,1218,1518,1671,1732,1733,1755
144,0,151,219,593,892,961,1008,1024,1070
145,0,146,407,706,1213,1467,1572,1616,1676
146,0,142,427,1407,1810,2048,2081,2090,2104
147,0,135,143,2278,2688,2749,3078,3119,3163
148,0,153,130,278,507,724,861,887,898
149,0,150,593,924,1607,1672,1696,1818,1884
150,0,149,265,728,901,1216,1522,1560,1897
151,0,147,455,1154,1566,1931,2016,2139,2374
152,0,157,173,384,517,558,684,716,1095
153,0,154,241,692,1486,1615,1636,1637,1793
154,0,152,289,631,1544,1966,2320,2404,2416
155,0,159,172,660,816,863,988,1175,1497
156,0,148,192,1502,2212,2635,2688,2706,2726
157,0,160,394,549,1206,1333,1483,1498,1503
158,0,155,242,742,938,1338,1379,1467,2051
159,0,161,420,853,1062,1106,1313,1322,1393
160,0,156,181,1509,1945,2179,2248,2358,2379
161,0,165,96,495,678,799,855,859,1048
162,0,162,116,942,1318,1402,1490,1498,1712
163,0,169,221,401,554,618,782,785,846
164,0,158,183,1642,1986,2157,2230,2314,2406
165,0,166,232,389,513,823,937,1193,1347
166,0,164,138,720,1158,1364,1643,1721,1861
167,0,175,166,357,462,598,655,792,849
168,0,168,159,968,1420,1658,1768,1787,1870
169,0,170,455,1285,1451,1760,1792,1858,1885
170,0,172,174,581,675,885,1095,1146,1449
171,0,174,212,532,695,771,970,1111,1300
172,0,177,194,246,607,646,723,1016,1076
173,0,171,593,1094,1428,1705,1911,1930,1976
174,0,167,393,1456,1682,1915,2266,2518,2572
175,0,179,165,412,622,686,774,775,817
176,0,176,192,387,940,1243,1370,1422,1532
177,0,186,124,164,265,338,369,403,419
178,0,178,174,335,1055,1224,1350,1391,1400
179,0,173,208,1330,1589,1664,1851,1865,2264
180,0,180,119,218,519,670,895,1020,1056
181,0,187,136,254,325,394,493,559,735
182,0,181,167,386,704,757,1046,1274,1417
183,0,185,143,401,819,879,910,996,1068
184,0,182,142,898,1152,1215,1294,1319,1361
185,0,163,565,2333,3731,3931,3972,4182,4538
186,0,184,191,332,616,668,1257,1303,1367
187,0,183,462,596,857,900,1284,1405,1665
188,0,192,139,216,370,547,618,685,919
189,0,188,315,482,537,839,963,1121,1195
190,0,196,163,201,279,575,722,727,761
191,0,195,191,283,524,563,668,805,868
192,0,189,381,899,1299,1433,1562,1570,1595
193,0,190,365,683,955,1283,1350,1373,1457
194,0,194,188,548,742,841,976,1008,1205
195,0,193,255,498,923,1020,1184,1216,1278
196,0,198,144,380,561,806,931,937,1127
197,0,197,172,281,587,657,836,1107,1351
198,0,191,564,824,957,1268,1504,1837,2184
199,0,207,140,220,351,436,555,567,574
200,0,203,352,555,701,758,815,853,1080
201,0,205,118,198,437,519,680,690,959
202,0,204,335,484,871,997,1163,1168,1287
203,0,199,149,655,971,1246,1367,1486,1649
204,0,202,324,806,1041,1138,1280,1403,1554
205,0,201,235,836,1028,1109,1414,1447,1734
206,0,210,203,239,610,718,907,989,1010
207,0,206,192,518,985,1038,1322,1744,1746
208,0,214,265,420,652,688,767,872,873
209,0,212,126,262,423,617,804,851,1034
210,0,209,147,514,721,928,972,999,1416
211,0,208,376,656,1018,1149,1208,1224,1550
212,0,211,171,603,944,1046,1156,1189,1463
213,0,216,271,608,887,1018,1231,1254,1290
214,0,213,337,1138,1335,1519,1618,1640,1712
215,0,215,254,787,1028,1372,1434,1447,1463
216,0,217,219,376,605,880,1155,1185,1219
217,0,218,282,523,1022,1076,1120,1182,1206
218,0,200,288,1333,2552,2625,2758,3027,3145
219,0,221,128,202,415,490,697,945,968
220,0,220,428,749,902,954,998,1113,1225
221,0,224,281,411,606,655,849,930,1136
222,0,222,341,539,768,1146,1395,1398,1399
223,0,229,148,217,420,588,794,898,933
224,0,223,298,721,928,1089,1382,1460,1607
225,0,226,127,229,468,816,1077,1184,1310
226,0,228,139,288,479,761,976,1133,1198
227,0,225,206,363,1058,1240,1318,1339,1500
228,0,234,150,299,542,653,736,751,916
229,0,219,817,1048,1403,1921,2008,2324,2591
230,0,230,655,927,1184,1436,1513,1552,1567
231,0,231,272,651,1335,1385,1443,1500,1687
232,0,227,215,428,899,1271,1677,1701,1836
233,0,235,194,439,747,797,1043,1096,1148
234,0,232,413,1159,1372,1618,1788,1848,1915
235,0,240,141,199,403,606,644,666,762
236,0,239,121,152,234,452,596,614,764
237,0,238,220,399,679,772,812,822,895
238,0,233,551,806,1074,1320,1428,1439,1829
239,0,243,258,347,423,591,615,642,658
240,0,236,206,720,872,1183,1348,1492,1640
241,0,242,245,339,479,590,872,880,930
242,0,245,130,377,567,695,772,783,1121
243,0,247,195,359,541,740,828,855,1313
244,0,246,250,509,703,993,1162,1275,1406
245,0,241,193,535,1326,1469,1597,1720,2016
246,0,248,188,624,888,956,1151,1213,1409
247,0,244,699,740,1227,1381,1428,1589,1733
248,0,237,241,1563,2173,2209,2297,2306,2481
249,0,250,179,522,886,1030,1105,1118,1340
250,0,251,167,648,1012,1181,1322,1346,1377
251,0,252,143,322,715,769,1014,1095,1121
252,0,253,137,265,638,830,1076,1177,1224
253,0,256,122,218,279,615,698,762,791
254,0,255,136,303,412,821,882,887,921
255,0,254,432,620,856,1083,1121,1390,1438
256,0,263,196,279,620,679,832,836,865
257,0,262,170,310,446,665,788,792,981
258,0,257,507,641,924,1066,1080,1229,1459
259,0,249,213,1617,2035,2165,2313,2430,2511
260,0,264,191,249,475,527,650,706,949
261,0,260,275,580,887,1103,1273,1286,1459
262,0,265,126,244,579,696,959,1037,1039
263,0,259,417,1261,1453,1588,1649,1655,1673
264,0,270,130,219,402,614,706,737,814
265,0,267,205,326,588,843,988,990,1067
266,0,261,730,1465,1757,1798,1894,1912,2002
267,0,269,115,211,665,759,778,800,949
268,0,258,325,1172,1775,2032,2352,2374,2375
269,0,273,223,296,452,596,740,744,828
270,0,275,219,340,576,766,842,931,965
271,0,271,290,555,756,1075,1278,1385,1390
272,0,274,193,736,905,946,1133,1144,1223
273,0,268,287,1584,1728,1851,1894,1905,1990
274,0,272,239,826,1309,1398,1498,1589,1616
275,0,276,353,632,899,939,1143,1185,1228
276,0,282,140,210,335,392,438,581,598
277,0,281,194,307,494,609,702,869,909
278,0,266,232,1475,2021,2064,2233,2526,2621
279,0,279,396,649,802,1164,1263,1284,1292
280,0,289,152,269,413,485,530,557,599
281,0,284,159,207,468,940,1093,1115,1229
282,0,277,274,388,994,1694,1728,1972,2057
283,0,283,490,603,728,807,1094,1116,1262
284,0,287,116,206,390,647,1004,1032,1076
285,0,278,547,939,1861,1918,2066,2082,2255
286,0,280,192,1472,1884,1988,2104,2115,2186
287,0,288,213,308,553,728,923,946,1353
288,0,285,160,335,726,1295,1440,1487,1586
289,0,286,170,539,1138,1311,1425,1434,1689
290,0,290,384,688,815,1426,1504,1549,1666
291,0,293,174,214,572,923,1114,1115,1238
292,0,296,185,271,584,825,907,981,1034
293,0,294,248,474,812,905,1058,1082,1108
294,0,292,431,818,926,1075,1192,1290,1306
295,0,298,77,132,289,694,754,891,892
296,0,295,229,388,781,924,1126,1147,1251
297,0,297,139,296,715,942,982,1249,1396
298,0,291,673,1524,1841,2008,2075,2435,2448
299,0,301,168,406,701,753,847,928,951
300,0,304,194,448,579,739,861,868,907
301,0,302,579,700,763,874,958,959,1125
302,0,299,195,560,891,941,1221,1426,1457
303,0,307,142,253,751,798,869,891,908
304,0,300,540,852,971,1133,1205,1222,1479
305,0,305,106,322,686,843,1036,1170,1222
306,0,306,302,717,784,817,1099,1187,1261
307,0,303,257,477,1087,1178,1255,1336,1555
308,0,311,230,400,506,695,796,895,928
309,0,314,122,189,454,611,753,840,882
310,0,312,330,369,495,748,838,881,1038
311,0,316,116,199,425,559,761,776,1115
312,0,309,130,636,914,947,1180,1199,1824
313,0,315,186,426,668,1135,1326,1373,1445
314,0,320,202,263,410,534,570,639,698
315,0,319,326,438,665,728,850,963,1128
316,0,313,298,907,1422,1582,1708,1760,1776
317,0,318,254,839,912,1042,1280,1317,1724
318,0,317,565,649,1581,1885,1945,1972,2071
319,0,327,258,399,531,598,779,792,862
320,0,325,212,457,868,933,1002,1058,1066
321,0,321,490,712,1108,1167,1262,1468,1558
322,0,308,253,1740,2221,2438,2762,2893,3055
323,0,322,149,442,1173,1378,1609,1676,1858
324,0,323,207,669,945,995,1125,1232,1530
325,0,328,167,413,496,699,792,908,1206
326,0,310,253,1356,1493,2530,2953,3122,3146
327,0,332,136,365,476,727,767,788,860
328,0,335,114,171,305,495,593,618,746
329,0,329,277,329,588,1024,1339,1470,1772
330,0,331,227,403,650,1084,1270,1414,1448
331,0,324,307,1360,1570,1768,1796,1805,2651
332,0,336,140,304,630,707,933,1175,1193
333,0,330,180,321,1088,1169,1605,1721,1790
334,0,340,157,510,853,1050,1081,1085,1099
335,0,337,139,184,1072,1134,1471,1502,1507
336,0,339,260,536,856,941,1035,1050,1183
337,0,343,107,177,453,599,616,744,787
338,0,334,290,1118,1503,1660,1812,1822,2206
339,0,342,145,245,376,470,567,692,1118
340,0,341,384,577,728,1067,1129,1146,1190
341,0,344,177,380,788,864,985,989,1088
342,0,345,201,589,665,901,929,1108,1144
343,0,338,497,1472,1893,2034,2120,2204,2323
344,0,348,175,368,594,634,778,811,885
345,0,349,161,296,539,711,777,796,836
346,0,333,628,2298,2689,2851,2984,3195,3196
347,0,326,296,2976,3477,3627,3787,3799,4105
348,0,346,314,1185,1407,1486,1584,1656,1774
349,0,347,153,556,924,1352,1544,1636,1847
350,0,355,116,311,461,597,622,627,986
351,0,350,308,557,796,891,1124,1224,1408
352,0,352,432,759,951,1207,1277,1384,1485
353,0,351,120,170,820,1021,1220,1397,1645
354,0,354,206,732,1008,1256,1377,1457,1625
355,0,353,354,769,934,1137,1340,1426,1484
356,0,356,257,514,1007,1258,1302,1312,1586
357,0,358,165,324,460,939,1098,1113,1158
358,0,357,247,785,892,1142,1271,1282,1297
359,0,362,147,282,492,581,708,719,809
360,0,360,128,389,702,787,961,1088,1162
361,0,365,224,341,636,829,894,920,938
362,0,361,111,356,639,756,1013,1087,1254
363,0,367,137,217,357,402,645,703,758
364,0,359,166,548,682,1113,1140,1331,1413
365,0,370,238,265,378,616,632,633,651
366,0,363,216,360,720,757,1020,1109,1164
367,0,368,122,197,309,659,795,813,825
368,0,364,142,249,440,728,820,867,1407
369,0,369,343,536,857,904,951,1004,1075
370,0,377,147,261,428,478,599,656,664
371,0,378,164,269,422,554,708,720,799
372,0,373,190,361,645,737,974,984,1272
373,0,379,246,310,416,733,810,840,977
374,0,366,197,1159,1623,1665,1787,1855,2079
375,0,371,257,1310,1570,1610,1672,1673,1732
376,0,372,309,744,1066,1365,1428,1445,1644
377,0,380,284,466,654,950,1013,1073,1089
378,0,376,237,422,1070,1347,1492,1509,1618
379,0,374,201,468,799,855,987,1439,1993
380,0,381,287,723,1040,1339,1384,1416,1644
381,0,375,201,724,1054,1224,1672,1961,2130
382,0,385,396,529,876,929,1021,1061,1150
383,0,386,159,280,686,852,1088,1107,1182
384,0,389,171,275,405,672,802,852,959
385,0,388,207,550,760,876,930,1273,1297
386,0,382,188,745,1179,1253,1502,1514,1840
387,0,387,569,1062,1156,1220,1348,1487,1504
388,0,390,278,470,638,740,818,942,992
389,0,383,458,1223,1439,1515,1666,1775,1856
390,0,393,135,289,403,597,735,754,855
391,0,391,255,778,959,1011,1337,1346,1409
392,0,394,173,255,369,565,680,814,938
393,0,384,430,1640,1922,2013,2330,2355,2464
394,0,395,334,520,847,1090,1240,1276,1286
395,0,400,318,472,586,655,972,1109,1228
396,0,398,451,815,1179,1200,1498,1553,1587
397,0,392,286,1259,1503,1694,1723,1804,2211
398,0,402,539,609,881,1052,1059,1210,1211
399,0,403,128,278,647,883,1115,1276,1323
400,0,399,123,783,1392,1567,1640,1677,1747
401,0,404,182,267,1165,1278,1373,1392,1574
402,0,396,1248,1324,2039,2167,2229,2233,2305
403,0,405,241,755,881,1181,1282,1469,1539
404,0,397,367,1879,2027,2241,2255,2390,2411
405,0,401,345,1652,1953,2047,2090,2354,2424
406,0,414,131,190,473,575,685,688,762
407,0,406,188,1351,1524,1629,1867,1944,2072
408,0,411,243,414,581,905,974,1157,1166
409,0,413,244,433,672,763,804,960,971
410,0,407,251,713,893,1018,1328,1471,1578
411,0,409,345,570,804,1059,1361,1376,1378
412,0,416,236,366,649,883,893,938,944
413,0,412,198,416,1037,1166,1202,1488,1491
414,0,415,157,301,834,1111,1226,1257,1389
415,0,421,145,247,336,401,584,606,618
416,0,410,193,1509,1649,1802,1848,1940,1959
417,0,419,114,171,521,725,803,897,956
418,0,417,154,670,866,942,989,1012,1015
419,0,408,854,1156,2206,2293,2340,2368,2370
420,0,420,221,449,789,864,887,948,1001
421,0,424,199,445,598,1035,1064,1070,1155
422,0,422,427,783,1103,1185,1344,1345,1465
423,0,431,121,157,377,457,599,700,706
424,0,428,405,508,745,956,1122,1133,1321
425,0,430,246,779,863,1027,1182,1245,1333
426,0,427,184,961,1356,1498,1538,1645,1758
427,0,426,223,1086,1376,1481,1635,1704,1848
428,0,429,126,173,645,823,880,881,1541
429,0,432,172,525,999,1071,1136,1629,1660
430,0,434,135,177,349,632,689,1014,1020
431,0,423,149,222,2309,2415,2559,2623,2664
432,0,418,273,1279,1427,1516,2265,2919,3053
433,0,435,147,576,785,900,1094,1396,1625
434,0,425,238,2376,2577,2660,2715,2720,3036
435,0,433,129,1663,1914,1968,2097,2151,2184
436,0,436,157,379,1074,1223,1347,1559,1567
437,0,438,592,1032,1265,1343,1447,1513,1545
438,0,441,283,675,1071,1150,1233,1287,1353
439,0,439,341,1147,1391,1477,1512,1528,1747
440,0,445,108,163,304,394,620,999,1172
441,0,442,280,558,961,1012,1323,1442,1677
442,0,446,153,198,494,548,678,745,1104
443,0,437,540,656,1267,1531,1689,1693,2048
444,0,443,370,903,1165,1348,1472,1578,1699
445,0,440,255,1809,2118,2236,2337,2424,2598
446,0,451,209,634,784,890,970,1006,1066
447,0,444,608,1465,1743,1850,1974,2000,2069
448,0,449,180,521,611,716,885,972,1253
449,0,447,403,1264,1800,1856,1961,2010,2113
450,0,453,200,476,682,875,1046,1053,1073
451,0,455,277,340,472,818,1021,1044,1161
452,0,452,130,285,723,965,987,1030,1340
453,0,448,545,984,1195,1361,1607,1637,1931
454,0,454,260,440,1031,1133,1355,1384,1448
455,0,458,283,324,543,794,918,975,1261
456,0,460,158,327,453,680,714,810,1094
457,0,457,318,742,1313,1420,1698,1739,1783
458,0,459,245,1003,1155,1356,1554,1606,1611
459,0,456,209,1549,1685,1813,1886,2190,2275
460,0,462,359,694,857,980,1081,1125,1281
461,0,466,317,505,582,653,773,855,1061
462,0,463,288,401,711,808,924,957,1198
463,0,467,140,261,453,619,665,829,887
464,0,472,85,114,272,310,365,368,378
465,0,465,254,362,1129,1320,1372,1493,1777
466,0,461,1406,1541,1958,1986,2408,2440,2456
467,0,464,419,766,1474,1830,1889,1960,2025
468,0,469,202,547,720,791,1027,1041,1093
469,0,474,256,602,807,921,960,1151,1206
470,0,468,123,587,1778,1929,1998,2092,2126
471,0,473,502,904,1181,1341,1462,1479,1548
472,0,479,104,312,519,644,677,740,799
473,0,470,146,288,1278,1431,1718,1734,1997
474,0,450,210,2730,4335,4524,4665,4673,4864
475,0,475,193,979,1453,1728,1741,1800,1851
476,0,471,157,864,1030,1215,1445,1577,2098
477,0,477,268,584,696,744,930,1004,1412
478,0,486,99,202,398,434,505,530,558
479,0,483,169,219,703,780,951,986,1047
480,0,481,133,422,553,692,1000,1064,1238
481,0,478,324,671,1258,1727,1837,1937,1944
482,0,476,768,1392,1435,2001,2057,2110,2229
483,0,482,418,601,805,978,1134,1256,1320
484,0,480,452,1083,1580,1746,1885,1943,1965
485,0,487,222,513,661,804,895,953,1061
486,0,485,415,709,914,1117,1220,1222,1421
487,0,484,206,526,571,882,1092,1635,1698
488,0,495,199,360,556,646,812,822,864
489,0,489,217,322,793,974,1099,1248,1520
490,0,492,193,366,663,744,1032,1208,1220
491,0,490,264,944,1069,1149,1364,1630,1685
492,0,491,117,417,976,1117,1183,1300,1449
493,0,498,110,182,464,608,659,987,1026
494,0,497,199,467,1027,1114,1138,1146,1363
495,0,493,367,1027,1346,1435,1574,1594,1695
496,0,494,558,996,1171,1298,1465,1476,1555
497,0,500,200,361,587,745,907,909,942
498,0,503,140,251,301,541,579,594,696
499,0,502,121,355,706,843,908,966,1001
500,0,505,102,200,400,597,688,695,869
501,0,499,318,1121,1351,1617,1671,1840,1851
502,0,496,150,271,1767,2184,2362,2367,2566
503,0,488,1029,1626,2050,2502,2953,3023,3141
504,0,504,268,423,1159,1352,1386,1395,1409
505,0,510,247,503,684,772,868,873,922
506,0,507,274,863,1080,1213,1333,1372,1494
507,0,509,190,442,743,855,903,948,1279
508,0,501,226,931,1013,1226,1572,1637,2014
509,0,506,185,946,1569,1604,1891,1894,1912
510,0,508,122,940,1143,1548,1598,1655,1755
511,0,514,147,330,439,514,593,727,954
512,0,518,94,136,213,435,659,693,714
513,0,515,181,268,687,745,783,826,982
514,0,512,242,635,951,1283,1407,1409,1422
515,0,519,99,271,614,783,854,907,943
516,0,511,281,658,1224,1466,1592,1659,1680
517,0,513,589,1021,1484,1587,1623,1758,1896
518,0,521,340,477,744,957,1094,1104,1156
519,0,520,281,505,635,798,1146,1164,1192
520,0,522,150,192,348,569,787,793,882
521,0,516,194,473,826,1414,1487,1524,1706
522,0,527,216,300,423,482,578,640,996
523,0,523,213,324,781,1029,1221,1229,1382
524,0,528,105,143,528,565,872,984,987
525,0,517,843,1444,1812,1934,2031,2033,2284
526,0,525,238,366,998,1079,1117,1240,1411
527,0,526,196,340,1069,1149,1177,1208,1374
528,0,531,136,175,408,604,688,711,741
529,0,532,119,339,478,739,885,892,915
530,0,533,115,146,670,840,912,921,925
531,0,530,213,411,791,1151,1227,1265,1358
532,0,535,151,257,523,578,710,833,1023
533,0,524,255,1058,1864,2061,2134,2161,2433
534,0,540,303,531,646,673,720,780,1001
535,0,538,251,368,606,761,801,894,1155
536,0,536,255,458,631,771,980,1141,1194
537,0,529,303,1201,1348,1389,1600,1753,2193
538,0,534,319,989,1262,1304,1599,1681,1721
539,0,539,187,543,897,979,1182,1186,1654
540,0,543,157,623,780,1080,1158,1165,1182
541,0,541,582,909,1245,1294,1556,1607,1616
542,0,542,194,1120,1456,1518,1660,1666,1711
543,0,545,149,409,804,913,997,1115,1210
544,0,544,294,602,942,1045,1273,1283,1404
545,0,549,174,625,735,766,922,935,969
546,0,546,222,287,755,953,1047,1087,1100
547,0,550,100,188,351,430,599,770,837
548,0,552,441,686,837,1053,1126,1144,1168
549,0,547,216,857,1041,1105,1488,1582,1695
550,0,548,182,487,1386,1604,1662,1665,1713
551,0,537,1179,1454,2216,2381,2693,2889,3020
552,0,556,189,330,455,608,668,715,823
553,0,557,168,517,1028,1172,1194,1198,1210
554,0,553,141,325,796,972,1313,1370,1541
555,0,551,103,197,1306,1545,1612,1721,1863
556,0,554,148,1056,1202,1369,1543,1640,1826
557,0,558,155,796,1020,1071,1260,1374,1422
558,0,560,157,259,431,663,735,877,963
559,0,559,157,410,539,613,782,1161,1769
560,0,563,131,153,454,762,788,898,1114
561,0,562,194,395,644,770,942,961,1034
562,0,555,287,1856,2134,2159,2195,2234,2250
563,0,565,202,302,776,932,1003,1247,1270
564,0,564,301,539,837,1051,1352,1519,1611
565,0,570,230,676,762,1051,1196,1425,1431
566,0,572,161,311,500,711,899,956,1066
567,0,561,357,1459,1628,1754,1903,2314,2392
568,0,568,309,598,1284,1354,1466,1592,1706
569,0,566,693,990,1354,1674,1704,1718,1847
570,0,571,175,743,1075,1184,1430,1451,1514
571,0,573,180,537,759,865,1084,1249,1336
572,0,567,175,657,1427,1659,1682,1762,1957
573,0,574,648,1053,1340,1410,1469,1539,1710
574,0,579,139,236,571,790,842,878,930
575,0,575,216,812,1175,1504,1626,1627,1760
576,0,583,164,224,304,350,585,624,812
577,0,578,330,488,582,808,975,1072,1222
578,0,569,226,1906,1997,2202,2390,2407,2514
579,0,576,563,1069,1400,1526,1713,1757,1770
580,0,582,108,176,271,343,596,801,1128
581,0,585,126,388,553,700,743,761,765
582,0,584,129,337,846,889,1092,1150,1209
583,0,591,173,517,773,907,935,1036,1083
584,0,592,203,426,529,598,658,759,915
585,0,577,260,2245,2390,2511,2647,2661,2693
586,0,581,244,1027,1701,1833,1931,1933,2069
587,0,580,166,1352,1500,1759,2224,2246,2316
588,0,586,115,802,988,1190,1295,1298,1648
589,0,589,158,327,683,1001,1271,1619,1846
590,0,594,262,441,704,837,1069,1153,1349
591,0,595,208,359,574,638,667,685,688
592,0,587,1202,1360,1617,1919,1958,1971,1997
593,0,590,205,731,1328,1556,1772,1784,1857
594,0,593,184,434,1168,1293,1552,1578,1822
595,0,588,261,1252,1584,1742,1869,2027,2030
596,0,596,130,296,780,979,1005,1047,1229
597,0,602,109,146,414,670,728,735,741
598,0,597,150,747,948,1165,1250,1379,1448
599,0,603,163,243,602,667,800,814,857
600,0,601,112,583,714,733,818,841,923
601,0,598,284,575,732,969,1006,1151,1493
602,0,605,112,220,658,764,836,840,1073
603,0,604,161,260,862,996,1115,1162,1189
604,0,599,576,1032,1127,1449,1629,1636,1818
605,0,609,124,196,448,498,541,564,598
606,0,607,171,358,572,665,996,1103,1116
607,0,600,342,1324,1552,1584,1697,1739,2015
608,0,610,137,187,494,722,827,1047,1129
609,0,612,152,215,442,504,700,721,1034
610,0,606,177,269,1022,1180,1711,1718,1982
611,0,614,258,369,503,614,756,783,839
612,0,611,192,340,547,700,1106,1163,1345
613,0,613,183,570,812,883,961,1158,1317
614,0,615,289,368,774,957,1105,1124,1257
615,0,618,158,220,373,632,859,960,1006
616,0,617,581,698,911,1080,1285,1425,1474
617,0,623,224,342,562,660,925,933,941
618,0,621,112,149,346,482,586,595,1205
619,0,625,124,166,293,343,689,756,774
620,0,624,102,245,493,647,805,862,997
621,0,619,301,661,1181,1257,1391,1414,1530
622,0,608,146,1813,2259,2498,2610,2629,2902
623,0,620,260,682,1146,1402,1543,1585,1661
624,0,616,144,333,1773,1892,2077,2080,2271
625,0,626,276,586,692,1134,1276,1396,1423
626,0,629,104,299,680,714,952,956,970
627,0,622,606,1441,1592,1705,1978,2091,2189
628,0,628,234,774,968,1169,1234,1504,1601
629,0,634,163,343,683,719,1051,1126,1216
630,0,632,347,515,719,1074,1246,1388,1423
631,0,635,191,341,504,702,939,1188,1334
632,0,630,308,736,1308,1418,1585,1602,1716
633,0,627,515,773,1153,1490,1908,2002,2141
634,0,640,168,303,469,547,682,685,691
635,0,631,466,1206,1289,1480,1863,1866,2044
636,0,639,369,583,764,868,1168,1277,1429
637,0,637,497,1052,1265,1356,1660,1708,1780
638,0,636,154,535,1673,1699,1931,1957,2115
639,0,638,197,305,906,1040,1329,1400,1641
640,0,633,183,1329,1886,2047,2101,2130,2647
641,0,641,465,822,999,1095,1229,1324,1409
642,0,645,134,310,766,897,928,1009,1177
643,0,642,149,245,523,585,670,709,1359
644,0,646,100,393,657,831,931,1084,1163
645,0,647,374,548,675,999,1032,1233,1330
646,0,650,111,174,544,736,843,1025,1123
647,0,652,93,150,523,624,750,812,914
648,0,649,513,868,1062,1100,1138,1164,1411
649,0,653,228,899,1127,1180,1222,1225,1428
650,0,654,100,409,741,979,1188,1207,1291
651,0,651,357,1162,1329,1449,1675,1686,1794
652,0,655,122,166,873,1001,1373,1393,1536
653,0,643,211,1240,2228,2360,2618,2637,3188
654,0,658,149,184,408,496,675,830,887
655,0,648,341,753,1731,1771,1889,2065,2261
656,0,644,570,2442,2649,2710,2807,2831,3051
657,0,656,161,1013,1321,1610,1800,1811,1999
658,0,665,134,234,320,523,648,658,691
659,0,661,144,258,409,517,642,1129,1221
660,0,663,338,428,686,841,894,944,957
661,0,660,205,757,1011,1166,1232,1567,1578
662,0,659,209,1244,1407,1460,1583,1588,1681
663,0,667,157,262,698,855,968,1011,1017
664,0,664,210,468,890,921,1043,1164,1288
665,0,668,164,867,1084,1288,1324,1347,1481
666,0,662,187,1219,1524,1571,1604,1624,1904
667,0,657,198,1921,2046,2078,2220,2221,2662
668,0,666,284,650,1339,1396,1515,1608,2003
669,0,676,340,530,611,737,845,928,949
670,0,671,169,752,1016,1192,1283,1318,1333
671,0,673,320,511,729,1057,1215,1242,1317
672,0,670,222,442,994,1102,1368,1696,1978
673,0,674,350,668,1347,1430,1452,1544,1587
674,0,677,197,366,652,738,805,933,1185
675,0,683,104,207,300,457,508,577,579
676,0,675,329,1254,1418,1643,1710,1804,1924
677,0,679,138,202,423,576,703,897,1114
678,0,672,280,657,1044,1249,1386,1732,2133
679,0,669,275,730,1258,1635,1823,1878,2505
680,0,678,216,450,912,1040,1177,1209,1237
681,0,684,158,386,572,659,798,824,963
682,0,681,138,263,390,453,610,788,1228
683,0,682,354,713,1285,1558,1601,1623,1629
684,0,680,534,999,1206,1375,1588,1624,1925
685,0,688,163,270,424,637,774,944,1009
686,0,685,223,292,501,769,964,969,1255
687,0,687,221,595,860,919,1033,1078,1231
688,0,691,149,336,479,649,814,841,1001
689,0,689,292,467,564,736,817,884,1018
690,0,686,223,331,929,1244,1329,1534,1537
691,0,694,225,284,570,619,788,805,1048
692,0,692,190,497,1086,1258,1400,1436,1449
693,0,693,305,645,898,1146,1319,1324,1542
694,0,697,216,607,775,1030,1145,1149,1187
695,0,690,133,1507,1702,1828,1867,1870,1995
696,0,696,784,839,917,1080,1158,1283,1330
697,0,703,175,274,537,587,633,725,817
698,0,695,254,313,1138,1291,1462,1502,1549
699,0,699,217,347,719,967,1096,1157,1418
700,0,702,156,404,525,823,943,956,1353
701,0,700,434,986,1131,1459,1476,1506,1520
702,0,701,432,929,1021,1107,1441,1505,1542
703,0,698,345,442,707,821,900,1127,1796
704,0,706,305,458,621,687,814,836,864
705,0,705,179,591,992,1077,1118,1145,1150
706,0,709,561,672,897,946,1134,1145,1165
707,0,711,288,468,722,936,1027,1092,1160
708,0,716,157,194,422,600,668,818,879
709,0,714,235,334,541,586,687,701,968
710,0,708,194,626,993,1255,1470,1621,1738
711,0,710,353,968,1308,1347,1507,1532,1570
712,0,712,228,336,959,1187,1394,1492,1530
713,0,704,388,1188,1267,1783,1898,2102,2284
714,0,713,240,632,939,1111,1314,1338,1502
715,0,707,228,1717,1989,2012,2074,2086,2223
716,0,718,184,358,614,777,971,988,1041
717,0,717,369,509,1227,1377,1419,1421,1710
718,0,723,319,532,675,785,836,965,978
719,0,721,227,551,760,902,973,1049,1254
720,0,724,142,659,812,933,952,1062,1063
721,0,719,173,328,676,1011,1160,1477,1547
722,0,715,508,1813,1946,2103,2122,2134,2299
723,0,725,100,170,410,651,1161,1179,1222
724,0,722,281,452,863,1226,1358,1399,1572
725,0,720,348,728,1337,1460,1508,1644,1854
726,0,727,130,873,944,1036,1135,1180,1182
727,0,726,377,756,1336,1423,1491,1715,1738
728,0,728,155,700,1125,1190,1393,1436,1457
729,0,732,155,305,806,859,938,1023,1050
730,0,729,410,634,839,1155,1183,1328,1509
731,0,734,117,495,811,906,956,1116,1122
732,0,731,171,316,394,683,855,876,1155
733,0,730,228,873,1105,1194,1292,1513,1526
734,0,739,138,186,246,349,413,448,900
735,0,737,128,521,803,906,1084,1161,1461
736,0,736,167,529,1173,1286,1300,1333,1593
737,0,744,173,333,509,525,610,716,799
738,0,741,233,591,707,958,999,1046,1063
739,0,733,343,941,1373,1647,2040,2071,2145
740,0,738,324,566,968,989,1072,1073,1436
741,0,743,264,350,526,565,767,924,955
742,0,742,570,678,1067,1157,1380,1479,1493
743,0,745,213,741,1004,1094,1164,1214,1275
744,0,748,250,473,675,715,847,926,972
745,0,754,132,185,281,300,408,409,432
746,0,746,182,326,841,917,1198,1348,1385
747,0,747,285,764,915,977,1166,1197,1403
748,0,740,185,1864,1970,2079,2141,2153,2174
749,0,749,132,165,747,828,842,1151,1181
750,0,752,226,425,682,885,944,957,1106
751,0,751,315,364,819,980,1094,1096,1286
752,0,735,187,2243,2508,2587,2704,2710,3011
753,0,750,125,316,739,922,1003,1262,1581
754,0,756,166,385,592,650,734,888,889
755,0,755,240,352,829,945,1068,1162,1207
756,0,759,261,340,593,681,766,800,836
757,0,758,109,188,561,615,729,748,966
758,0,761,136,198,305,446,533,855,861
759,0,753,233,866,1100,1644,1862,1920,1987
760,0,757,250,830,1254,1290,1420,1431,1605
761,0,764,260,711,930,980,988,997,1009
762,0,768,157,273,326,479,583,823,846
763,0,765,172,196,364,484,929,1145,1213
764,0,760,536,1091,1213,1438,1589,1622,1804
765,0,762,437,1271,1558,1719,1827,1887,1936
766,0,772,142,340,431,653,845,854,912
767,0,770,463,645,964,1024,1075,1151,1162
768,0,767,147,524,1070,1163,1290,1297,1699
769,0,766,218,930,1570,1768,1817,1845,1899
770,0,763,190,708,1939,2130,2247,2362,2409
771,0,771,219,604,910,1138,1314,1332,1488
772,0,775,169,250,291,538,878,1028,1100
773,0,774,201,592,834,895,1225,1230,1283
774,0,782,106,171,289,361,400,456,457
775,0,777,208,337,640,665,852,855,862
776,0,778,123,213,551,733,847,859,932
777,0,776,766,1022,1327,1383,1500,1536,1569
778,0,780,146,177,468,565,765,1092,1120
779,0,773,307,1623,1872,2011,2072,2079,2134
780,0,783,198,258,582,877,988,1001,1002
781,0,785,164,246,463,575,726,761,852
782,0,779,125,651,952,1109,1259,1353,1382
783,0,784,148,234,455,638,765,820,960
784,0,781,177,295,508,824,1172,1294,1299
785,0,769,175,1972,2163,2213,2481,3000,3025
786,0,786,192,555,748,936,981,1117,1183
787,0,790,200,304,726,780,802,844,905
788,0,793,224,343,482,675,720,850,858
789,0,788,212,492,834,1033,1057,1174,1569
790,0,795,159,203,302,565,639,641,880
791,0,791,125,353,711,944,1074,1098,1116
792,0,794,178,225,499,629,778,813,1001
793,0,789,140,686,977,1054,1253,1297,1471
794,0,792,134,398,744,929,1125,1334,1378
795,0,787,997,1176,1647,1831,1852,1927,1988
796,0,796,154,541,634,669,1043,1141,1414
797,0,800,172,303,442,494,671,694,747
798,0,797,182,481,971,1177,1223,1258,1294
799,0,798,118,375,768,856,1104,1142,1290
800,0,801,246,565,770,805,1039,1112,1338
801,0,799,224,598,819,1184,1455,1538,1565
802,0,806,172,261,573,628,955,1015,1047
803,0,807,221,388,591,749,925,1091,1117
804,0,810,138,357,537,723,827,858,1032
805,0,803,364,964,1210,1321,1359,1457,1600
806,0,805,348,705,1242,1403,1443,1520,1690
807,0,809,116,255,565,803,1062,1139,1356
808,0,802,117,625,1852,2101,2353,2473,2500
809,0,811,225,845,1282,1433,1625,1684,1778
810,0,808,575,1006,1333,1587,1618,2001,2090
811,0,804,187,944,2549,2711,2790,2819,3004
