subject,SC_0.7,SC_0.8,SC_0.9,SC_0.95,SC_0.98,SC_0.99,SC_1
100206,161,274,479,585,639,681,786
100610,271,715,806,923,1119,1170,1351
101006,163,279,418,514,588,604,731
101107,182,576,963,1212,1400,1623,1627
101309,109,174,708,930,1168,1271,1376
101915,244,341,647,797,1224,1232,1296
102008,158,468,827,923,1024,1030,1143
102109,463,772,831,961,1015,1019,1054
102311,198,538,932,1165,1327,1359,1554
102513,158,736,1843,1890,2107,2130,2210
102614,416,1129,1500,1627,1718,1731,1764
102715,215,699,793,847,1052,1053,1317
103010,901,1195,1416,1462,1733,1735,1831
103111,386,1722,1822,2066,2702,2721,2756
103212,883,1119,1391,1797,1946,1982,2259
104012,270,377,474,563,742,774,956
104416,238,1500,1782,1920,2039,2098,2260
104820,231,687,832,1143,1340,1502,1506
105014,116,283,850,1005,1020,1080,1148
105620,139,271,842,936,1096,1149,1159
105923,156,223,787,868,1011,1084,1202
106016,189,938,1038,1321,1417,1488,1655
106521,154,213,477,542,747,859,918
106824,226,346,593,606,1295,1301,1474
107018,459,1218,1454,1628,1714,1737,1857
107321,119,166,639,822,886,1006,1112
107422,162,738,900,1060,1200,1270,1548
107725,295,633,750,826,945,1019,1116
108020,89,150,341,415,443,449,821
108121,122,414,667,919,944,1147,1249
108222,354,1097,1315,1386,1457,1462,1493
108323,547,712,962,1139,1318,1321,1347
108525,941,2048,2317,2417,2562,2571,2590
108828,341,719,1011,1115,1300,1459,1517
109123,178,274,563,799,945,953,1073
109325,491,553,819,882,944,1036,1145
109830,778,909,1415,1479,1714,1715,1768
110007,228,627,738,817,983,995,997
110613,103,130,224,285,313,645,667
111211,159,414,536,718,787,792,1305
111413,295,503,629,702,796,846,930
111716,214,504,643,937,1077,1120,1233
112112,160,256,631,825,875,894,968
112314,221,429,1032,1264,1317,1366,1450
112516,190,292,694,939,1028,1047,1203
112920,176,421,661,786,1066,1132,1150
113316,687,1955,2242,2331,2580,2701,3411
113922,123,183,927,1124,1196,1249,1518
114217,467,721,833,1037,1121,1163,1369
114318,149,1101,1488,2450,2549,2563,2608
114419,212,611,912,974,1050,1078,1099
114621,198,1815,1949,2025,2155,2210,2412
114823,173,267,534,651,734,800,1021
115017,176,788,1182,1279,1307,1513,1727
115219,205,393,735,897,975,989,1127
115724,474,728,867,1168,1417,1593,1645
115825,278,779,921,1009,1273,1288,1403
116524,125,183,436,518,685,694,801
116726,283,483,698,960,1347,1506,1659
117021,300,536,723,895,1004,1020,1024
117930,300,533,880,912,1004,1043,1616
118023,95,142,642,834,961,999,1003
118124,332,557,856,1233,1361,1601,1874
118225,179,514,800,920,1266,1287,1371
118528,302,1158,1378,1441,1591,1603,1685
118831,278,318,485,569,629,691,871
119025,132,213,595,648,755,814,900
119126,167,320,403,499,546,1140,1241
120414,149,334,505,689,938,941,1317
120515,364,1124,1257,1521,1661,1676,1734
120717,244,358,542,718,787,887,953
121416,264,679,773,832,937,1129,1302
121618,232,401,750,904,1023,1082,1355
121921,271,505,856,1055,1082,1178,1201
122317,248,850,961,1213,1483,1512,1565
122620,185,253,312,383,488,715,756
122822,161,230,603,678,884,933,979
123420,212,283,626,819,1104,1111,1393
123521,201,312,502,908,1039,1129,1253
123723,210,427,662,778,931,1065,1177
123824,218,359,644,664,744,879,1016
123925,256,1285,1620,1690,1767,1801,2213
124220,568,650,1256,1331,1430,1738,1888
124624,199,310,525,743,989,1113,1197
124826,538,1328,1518,1803,1899,1933,1947
125222,339,419,1782,1877,1934,1955,2269
125424,509,1036,1342,1484,1529,1561,1663
126426,184,595,1274,1452,1625,1723,1744
126628,180,447,1215,1279,1329,1372,1480
127226,348,871,1185,1379,1589,1800,1881
127327,135,401,604,770,1069,1109,1167
127630,233,1287,1655,1849,1886,2035,2214
127731,184,523,777,920,1347,1486,1520
127832,97,233,454,950,1091,1157,1272
128026,172,292,460,537,677,752,870
128127,162,262,424,628,702,729,744
128935,330,575,1081,1283,1522,1545,2066
129129,234,894,1144,1390,1447,1610,1664
129331,490,1115,1341,1448,1836,1864,1997
129634,124,237,451,672,728,834,877
130114,162,421,578,695,917,922,1334
130316,182,524,681,837,945,1001,1148
130417,258,424,938,1082,1306,1366,1686
130518,258,644,959,1244,1322,1331,1440
130619,154,276,604,717,798,799,863
130720,86,152,711,839,991,993,1133
130821,261,2221,2622,2884,2901,3078,3335
131217,300,895,1351,1616,1657,1833,1840
131419,472,1689,1852,2029,2343,2348,2410
131722,376,1384,1483,1556,1633,1707,1736
131823,210,830,1057,1215,1379,1417,1467
132017,241,1049,1230,1347,1474,1498,1561
132118,298,438,676,754,846,1040,1273
133019,147,326,780,899,965,1256,1422
134021,125,420,709,824,842,1023,1134
134223,190,489,653,729,796,847,861
134425,238,694,1002,1038,1218,1299,1305
134627,459,1263,1866,2023,2235,2242,2340
134728,217,427,585,689,777,899,904
134829,324,933,1141,1218,1288,1301,1462
135124,175,289,358,419,553,777,817
135225,141,194,506,561,714,768,836
135528,182,2087,2261,2423,2504,2603,2687
135629,156,255,364,477,529,532,595
135730,169,265,913,1017,1224,1319,1400
136126,126,432,536,616,687,744,746
136227,201,320,448,650,883,996,1295
136631,228,809,947,1097,1399,1438,1443
136732,313,598,837,1118,1331,1412,1453
137027,243,1125,1480,1600,1661,1703,1929
137229,108,163,291,379,648,757,785
137431,271,493,1353,1381,1437,1459,1550
137532,126,213,340,504,622,694,718
137633,210,331,742,797,882,958,1046
137936,223,480,1049,1370,1420,1463,1547
138130,143,2278,2688,2749,3078,3119,3163
138332,192,378,530,702,798,1041,1060
138837,314,674,889,1060,1204,1334,1511
139233,401,538,891,965,1262,1371,1561
139435,388,515,804,934,1082,1156,1179
139839,146,225,982,1188,1398,1428,1495
140117,150,306,555,636,937,1013,1056
140319,427,1407,1810,2048,2081,2090,2104
140824,342,821,1211,1370,1624,1693,1799
140925,282,1218,1518,1671,1732,1733,1755
141119,142,182,350,400,447,559,679
141422,407,706,1213,1467,1572,1616,1676
141826,455,1154,1566,1931,2016,2139,2374
143224,192,1502,2212,2635,2688,2706,2726
143426,265,728,901,1216,1522,1560,1897
143830,593,924,1607,1672,1696,1818,1884
144125,219,593,892,961,1008,1024,1070
144731,289,631,1544,1966,2320,2404,2416
144832,130,278,507,724,861,887,898
144933,241,692,1486,1615,1636,1637,1793
145127,242,742,938,1338,1379,1467,2051
145632,181,1509,1945,2179,2248,2358,2379
145834,173,384,517,558,684,716,1095
146129,183,1642,1986,2157,2230,2314,2406
146331,172,660,816,863,988,1175,1497
146432,394,549,1206,1333,1483,1498,1503
146533,420,853,1062,1106,1313,1322,1393
146735,116,942,1318,1402,1490,1498,1712
146836,565,2333,3731,3931,3972,4182,4538
146937,138,720,1158,1364,1643,1721,1861
147030,96,495,678,799,855,859,1048
147636,232,389,513,823,937,1193,1347
147737,393,1456,1682,1915,2266,2518,2572
148133,159,968,1420,1658,1768,1787,1870
148335,221,401,554,618,782,785,846
148436,455,1285,1451,1760,1792,1858,1885
148840,593,1094,1428,1705,1911,1930,1976
148941,174,581,675,885,1095,1146,1449
149236,208,1330,1589,1664,1851,1865,2264
149741,212,532,695,771,970,1111,1300
149842,166,357,462,598,655,792,849
150625,192,387,940,1243,1370,1422,1532
150726,194,246,607,646,723,1016,1076
150928,174,335,1055,1224,1350,1391,1400
151324,165,412,622,686,774,775,817
151425,119,218,519,670,895,1020,1056
151728,167,386,704,757,1046,1274,1417
151829,142,898,1152,1215,1294,1319,1361
151930,462,596,857,900,1284,1405,1665
152225,191,332,616,668,1257,1303,1367
152427,143,401,819,879,910,996,1068
152831,124,164,265,338,369,403,419
153025,136,254,325,394,493,559,735
153126,315,482,537,839,963,1121,1195
153227,381,899,1299,1433,1562,1570,1595
153631,365,683,955,1283,1350,1373,1457
153732,564,824,957,1268,1504,1837,2184
153833,139,216,370,547,618,685,919
153934,255,498,923,1020,1184,1216,1278
154229,188,548,742,841,976,1008,1205
154330,191,283,524,563,668,805,868
154532,163,201,279,575,722,727,761
154734,172,281,587,657,836,1107,1351
154835,144,380,561,806,931,937,1127
154936,149,655,971,1246,1367,1486,1649
155635,288,1333,2552,2625,2758,3027,3145
155938,235,836,1028,1109,1414,1447,1734
156031,324,806,1041,1138,1280,1403,1554
156435,352,555,701,758,815,853,1080
156536,335,484,871,997,1163,1168,1287
157437,118,198,437,519,680,690,959
157942,192,518,985,1038,1322,1744,1746
158136,140,220,351,436,555,567,574
158338,376,656,1018,1149,1208,1224,1550
158843,147,514,721,928,972,999,1416
159138,203,239,610,718,907,989,1010
159340,171,603,944,1046,1156,1189,1463
159441,126,262,423,617,804,851,1034
159744,337,1138,1335,1519,1618,1640,1712
160729,265,420,652,688,767,872,873
160830,254,787,1028,1372,1434,1447,1463
161630,271,608,887,1018,1231,1254,1290
161832,219,376,605,880,1155,1185,1219
162026,282,523,1022,1076,1120,1182,1206
162228,817,1048,1403,1921,2008,2324,2591
162733,428,749,902,954,998,1113,1225
162935,128,202,415,490,697,945,968
163129,341,539,768,1146,1395,1398,1399
163331,298,721,928,1089,1382,1460,1607
163836,281,411,606,655,849,930,1136
164030,206,363,1058,1240,1318,1339,1500
164131,127,229,468,816,1077,1184,1310
164636,215,428,899,1271,1677,1701,1836
164939,139,288,479,761,976,1133,1198
165032,148,217,420,588,794,898,933
165436,655,927,1184,1436,1513,1552,1567
165638,272,651,1335,1385,1443,1500,1687
165941,413,1159,1372,1618,1788,1848,1915
166438,551,806,1074,1320,1428,1439,1829
166640,150,299,542,653,736,751,916
167036,194,439,747,797,1043,1096,1148
167238,206,720,872,1183,1348,1492,1640
167440,241,1563,2173,2209,2297,2306,2481
168139,220,399,679,772,812,822,895
168240,121,152,234,452,596,614,764
168341,141,199,403,606,644,666,762
168745,193,535,1326,1469,1597,1720,2016
168947,245,339,479,590,872,880,930
169040,258,347,423,591,615,642,658
169444,699,740,1227,1381,1428,1589,1733
169545,130,377,567,695,772,783,1121
169949,250,509,703,993,1162,1275,1406
170631,195,359,541,740,828,855,1313
171330,188,624,888,956,1151,1213,1409
171532,213,1617,2035,2165,2313,2430,2511
171633,179,522,886,1030,1105,1118,1340
172029,167,648,1012,1181,1322,1346,1377
172130,143,322,715,769,1014,1095,1121
172433,137,265,638,830,1076,1177,1224
172534,432,620,856,1083,1121,1390,1438
172938,136,303,412,821,882,887,921
173334,122,218,279,615,698,762,791
173435,507,641,924,1066,1080,1229,1459
173536,325,1172,1775,2032,2352,2374,2375
173637,417,1261,1453,1588,1649,1655,1673
173738,275,580,887,1103,1273,1286,1459
173839,730,1465,1757,1798,1894,1912,2002
173940,170,310,446,665,788,792,981
174841,196,279,620,679,832,836,865
175035,191,249,475,527,650,706,949
175136,126,244,579,696,959,1037,1039
175237,232,1475,2021,2064,2233,2526,2621
175338,205,326,588,843,988,990,1067
175540,287,1584,1728,1851,1894,1905,1990
175742,115,211,665,759,778,800,949
176037,130,219,402,614,706,737,814
176239,290,555,756,1075,1278,1385,1390
176441,239,826,1309,1398,1498,1589,1616
176744,223,296,452,596,740,744,828
176845,193,736,905,946,1133,1144,1223
177140,219,340,576,766,842,931,965
177241,353,632,899,939,1143,1185,1228
177645,274,388,994,1694,1728,1972,2057
178142,547,939,1861,1918,2066,2082,2255
178243,396,649,802,1164,1263,1284,1292
178647,192,1472,1884,1988,2104,2115,2186
178748,194,307,494,609,702,869,909
178849,140,210,335,392,438,581,598
178950,490,603,728,807,1094,1116,1262
179245,159,207,468,940,1093,1115,1229
179346,160,335,726,1295,1440,1487,1586
180129,170,539,1138,1311,1425,1434,1689
180230,116,206,390,647,1004,1032,1076
180432,213,308,553,728,923,946,1353
180533,152,269,413,485,530,557,599
180735,384,688,815,1426,1504,1549,1666
180836,673,1524,1841,2008,2075,2435,2448
180937,431,818,926,1075,1192,1290,1306
181131,174,214,572,923,1114,1115,1238
181232,248,474,812,905,1058,1082,1108
181636,229,388,781,924,1126,1147,1251
182032,185,271,584,825,907,981,1034
182436,139,296,715,942,982,1249,1396
183034,77,132,289,694,754,891,892
185038,195,560,891,941,1221,1426,1457
185341,540,852,971,1133,1205,1222,1479
185442,168,406,701,753,847,928,951
185846,579,700,763,874,958,959,1125
185947,257,477,1087,1178,1255,1336,1555
186040,194,448,579,739,861,868,907
186141,106,322,686,843,1036,1170,1222
186444,302,717,784,817,1099,1187,1261
186545,142,253,751,798,869,891,908
186848,253,1740,2221,2438,2762,2893,3055
187143,130,636,914,947,1180,1199,1824
187345,253,1356,1493,2530,2953,3122,3146
187547,230,400,506,695,796,895,928
187850,330,369,495,748,838,881,1038
188145,298,907,1422,1582,1708,1760,1776
188347,122,189,454,611,753,840,882
188448,186,426,668,1135,1326,1373,1445
188549,116,199,425,559,761,776,1115
188751,565,649,1581,1885,1945,1972,2071
189349,254,839,912,1042,1280,1317,1724
189450,326,438,665,728,850,963,1128
189652,202,263,410,534,570,639,698
191033,490,712,1108,1167,1262,1468,1558
191235,149,442,1173,1378,1609,1676,1858
191336,207,669,945,995,1125,1232,1530
191841,307,1360,1570,1768,1796,1805,2651
191942,212,457,868,933,1002,1058,1066
192035,296,2976,3477,3627,3787,3799,4105
192136,258,399,531,598,779,792,862
192237,167,413,496,699,792,908,1206
192641,277,329,588,1024,1339,1470,1772
192843,180,321,1088,1169,1605,1721,1790
193845,227,403,650,1084,1270,1414,1448
194443,136,365,476,727,767,788,860
194645,628,2298,2689,2851,2984,3195,3196
194746,290,1118,1503,1660,1812,1822,2206
194847,114,171,305,495,593,618,746
195041,140,304,630,707,933,1175,1193
195445,139,184,1072,1134,1471,1502,1507
195849,497,1472,1893,2034,2120,2204,2323
195950,260,536,856,941,1035,1050,1183
196346,157,510,853,1050,1081,1085,1099
197348,384,577,728,1067,1129,1146,1190
198047,145,245,376,470,567,692,1118
198249,107,177,453,599,616,744,787
198350,177,380,788,864,985,989,1088
198653,201,589,665,901,929,1108,1144
198855,314,1185,1407,1486,1584,1656,1774
199352,153,556,924,1352,1544,1636,1847
199453,175,368,594,634,778,811,885
199958,161,296,539,711,777,796,836
200008,308,557,796,891,1124,1224,1408
200109,120,170,820,1021,1220,1397,1645
200311,432,759,951,1207,1277,1384,1485
200513,354,769,934,1137,1340,1426,1484
200917,206,732,1008,1256,1377,1457,1625
201414,116,311,461,597,622,627,986
201515,257,514,1007,1258,1302,1312,1586
201818,247,785,892,1142,1271,1282,1297
202113,165,324,460,939,1098,1113,1158
202719,166,548,682,1113,1140,1331,1413
203418,128,389,702,787,961,1088,1162
203923,111,356,639,756,1013,1087,1254
204016,147,282,492,581,708,719,809
204218,216,360,720,757,1020,1109,1164
204319,142,249,440,728,820,867,1407
204420,224,341,636,829,894,920,938
204521,197,1159,1623,1665,1787,1855,2079
204622,137,217,357,402,645,703,758
205220,122,197,309,659,795,813,825
206222,343,536,857,904,951,1004,1075
206323,238,265,378,616,632,633,651
206525,257,1310,1570,1610,1672,1673,1732
206727,309,744,1066,1365,1428,1445,1644
206828,190,361,645,737,974,984,1272
206929,201,468,799,855,987,1439,1993
207123,201,724,1054,1224,1672,1961,2130
207426,237,422,1070,1347,1492,1509,1618
208024,147,261,428,478,599,656,664
208125,164,269,422,554,708,720,799
208327,246,310,416,733,810,840,977
208630,284,466,654,950,1013,1073,1089
209127,287,723,1040,1339,1384,1416,1644
209228,188,745,1179,1253,1502,1514,1840
209329,458,1223,1439,1515,1666,1775,1856
209834,430,1640,1922,2013,2330,2355,2464
210011,396,529,876,929,1021,1061,1150
210112,159,280,686,852,1088,1107,1182
210415,569,1062,1156,1220,1348,1487,1504
211114,207,550,760,876,930,1273,1297
211215,171,275,405,672,802,852,959
211316,278,470,638,740,818,942,992
211619,255,778,959,1011,1337,1346,1409
211720,286,1259,1503,1694,1723,1804,2211
211821,135,289,403,597,735,754,855
211922,173,255,369,565,680,814,938
212015,334,520,847,1090,1240,1276,1286
212116,1248,1324,2039,2167,2229,2233,2305
212217,367,1879,2027,2241,2255,2390,2411
212419,451,815,1179,1200,1498,1553,1587
212823,123,783,1392,1567,1640,1677,1747
213017,318,472,586,655,972,1109,1228
213421,345,1652,1953,2047,2090,2354,2424
213522,539,609,881,1052,1059,1210,1211
214524,128,278,647,883,1115,1276,1323
214625,182,267,1165,1278,1373,1392,1574
214726,241,755,881,1181,1282,1469,1539
217126,188,1351,1524,1629,1867,1944,2072
219231,251,713,893,1018,1328,1471,1578
220721,854,1156,2206,2293,2340,2368,2370
223929,345,570,804,1059,1361,1376,1378
227432,193,1509,1649,1802,1848,1940,1959
227533,243,414,581,905,974,1157,1166
228434,198,416,1037,1166,1202,1488,1491
231928,244,433,672,763,804,960,971
233326,131,190,473,575,685,688,762
236130,157,301,834,1111,1226,1257,1389
237334,236,366,649,883,893,938,944
238033,154,670,866,942,989,1012,1015
239136,273,1279,1427,1516,2265,2919,3053
248339,114,171,521,725,803,897,956
250932,221,449,789,864,887,948,1001
255740,145,247,336,401,584,606,618
256540,427,783,1103,1185,1344,1345,1465
257542,149,222,2309,2415,2559,2623,2664
257845,199,445,598,1035,1064,1070,1155
257946,238,2376,2577,2660,2715,2720,3036
263436,223,1086,1376,1481,1635,1704,1848
268749,184,961,1356,1498,1538,1645,1758
268850,405,508,745,956,1122,1133,1321
270332,126,173,645,823,880,881,1541
274542,246,779,863,1027,1182,1245,1333
275645,121,157,377,457,599,700,706
280739,172,525,999,1071,1136,1629,1660
280941,129,1663,1914,1968,2097,2151,2184
281135,135,177,349,632,689,1014,1020
283543,147,576,785,900,1094,1396,1625
285345,157,379,1074,1223,1347,1559,1567
285446,540,656,1267,1531,1689,1693,2048
286347,592,1032,1265,1343,1447,1513,1545
286650,341,1147,1391,1477,1512,1528,1747
287248,255,1809,2118,2236,2337,2424,2598
289555,283,675,1071,1150,1233,1287,1353
290136,280,558,961,1012,1323,1442,1677
295146,370,903,1165,1348,1472,1578,1699
297655,608,1465,1743,1850,1974,2000,2069
298455,108,163,304,394,620,999,1172
299154,153,198,494,548,678,745,1104
299760,403,1264,1800,1856,1961,2010,2113
300618,545,984,1195,1361,1607,1637,1931
300719,180,521,611,716,885,972,1253
303119,210,2730,4335,4524,4665,4673,4864
303624,209,634,784,890,970,1006,1066
304727,130,285,723,965,987,1030,1340
305830,200,476,682,875,1046,1053,1073
308129,260,440,1031,1133,1355,1384,1448
308331,277,340,472,818,1021,1044,1161
309636,209,1549,1685,1813,1886,2190,2275
310621,318,742,1313,1420,1698,1739,1783
311320,283,324,543,794,918,975,1261
314225,245,1003,1155,1356,1554,1606,1611
316633,158,327,453,680,714,810,1094
316835,1406,1541,1958,1986,2408,2440,2456
318637,359,694,857,980,1081,1125,1281
320826,288,401,711,808,924,957,1198
321323,419,766,1474,1830,1889,1960,2025
322224,254,362,1129,1320,1372,1493,1777
325129,317,505,582,653,773,855,1061
329844,140,261,453,619,665,829,887
330324,123,587,1778,1929,1998,2092,2126
333330,202,547,720,791,1027,1041,1093
334635,146,288,1278,1431,1718,1734,1997
336841,157,864,1030,1215,1445,1577,2098
339847,85,114,272,310,365,368,378
341834,502,904,1181,1341,1462,1479,1548
342129,256,602,807,921,960,1151,1206
346137,193,979,1453,1728,1741,1800,1851
346945,768,1392,1435,2001,2057,2110,2229
348545,268,584,696,744,930,1004,1412
349244,324,671,1258,1727,1837,1937,1944
350330,104,312,519,644,677,740,799
352132,452,1083,1580,1746,1885,1943,1965
352738,133,422,553,692,1000,1064,1238
353740,418,601,805,978,1134,1256,1320
356948,169,219,703,780,951,986,1047
358144,206,526,571,882,1092,1635,1698
360030,415,709,914,1117,1220,1222,1421
361234,99,202,398,434,505,530,558
361941,222,513,661,804,895,953,1061
365343,1029,1626,2050,2502,2953,3023,3141
366042,217,322,793,974,1099,1248,1520
368551,264,944,1069,1149,1364,1630,1685
368753,117,417,976,1117,1183,1300,1449
376247,193,366,663,744,1032,1208,1220
377451,367,1027,1346,1435,1574,1594,1695
378756,558,996,1171,1298,1465,1476,1555
378857,199,360,556,646,812,822,864
379657,150,271,1767,2184,2362,2367,2566
380036,199,467,1027,1114,1138,1146,1363
381038,110,182,464,608,659,987,1026
381543,318,1121,1351,1617,1671,1840,1851
382242,200,361,587,745,907,909,942
385046,226,931,1013,1226,1572,1637,2014
385450,121,355,706,843,908,966,1001
386250,140,251,301,541,579,594,696
387959,268,423,1159,1352,1386,1395,1409
389357,102,200,400,597,688,695,869
391748,185,946,1569,1604,1891,1894,1912
392447,274,863,1080,1213,1333,1372,1494
392750,122,940,1143,1548,1598,1655,1755
393247,190,442,743,855,903,948,1279
393550,247,503,684,772,868,873,922
394956,281,658,1224,1466,1592,1659,1680
395251,242,635,951,1283,1407,1409,1422
395756,589,1021,1484,1587,1623,1758,1896
395958,147,330,439,514,593,727,954
397154,181,268,687,745,783,826,982
397861,194,473,826,1414,1487,1524,1706
401422,843,1444,1812,1934,2031,2033,2284
406432,94,136,213,435,659,693,714
406836,99,271,614,783,854,907,943
412528,281,505,635,798,1146,1164,1192
413934,340,477,744,957,1094,1104,1156
415837,150,192,348,569,787,793,882
419239,213,324,781,1029,1221,1229,1382
421226,255,1058,1864,2061,2134,2161,2433
422632,238,366,998,1079,1117,1240,1411
424939,196,340,1069,1149,1177,1208,1374
432332,216,300,423,482,578,640,996
433839,105,143,528,565,872,984,987
436239,303,1201,1348,1389,1600,1753,2193
436845,213,411,791,1151,1227,1265,1358
441939,136,175,408,604,688,711,741
445543,119,339,478,739,885,892,915
449753,115,146,670,840,912,921,925
453441,319,989,1262,1304,1599,1681,1721
453542,151,257,523,578,710,833,1023
454140,255,458,631,771,980,1141,1194
456346,1179,1454,2216,2381,2693,2889,3020
459453,251,368,606,761,801,894,1155
461743,187,543,897,979,1182,1186,1654
463040,303,531,646,673,720,780,1001
465852,582,909,1245,1294,1556,1607,1616
467351,194,1120,1456,1518,1660,1666,1711
468050,157,623,780,1080,1158,1165,1182
469961,294,602,942,1045,1273,1283,1404
475855,149,409,804,913,997,1115,1210
479762,222,287,755,953,1047,1087,1100
480141,216,857,1041,1105,1488,1582,1695
481042,182,487,1386,1604,1662,1665,1713
481951,174,625,735,766,922,935,969
486759,100,188,351,430,599,770,837
495255,103,197,1306,1545,1612,1721,1863
497865,441,686,837,1053,1126,1144,1168
500222,141,325,796,972,1313,1370,1541
506234,148,1056,1202,1369,1543,1640,1826
510225,287,1856,2134,2159,2195,2234,2250
510326,189,330,455,608,668,715,823
512835,168,517,1028,1172,1194,1198,1210
513130,155,796,1020,1071,1260,1374,1422
513736,157,410,539,613,782,1161,1769
516742,157,259,431,663,735,877,963
517239,357,1459,1628,1754,1903,2314,2392
518746,194,395,644,770,942,961,1034
519647,131,153,454,762,788,898,1114
519950,301,539,837,1051,1352,1519,1611
520228,202,302,776,932,1003,1247,1270
522434,693,990,1354,1674,1704,1718,1847
523032,175,657,1427,1659,1682,1762,1957
524135,309,598,1284,1354,1466,1592,1706
525541,226,1906,1997,2202,2390,2407,2514
529549,230,676,762,1051,1196,1425,1431
529953,175,743,1075,1184,1430,1451,1514
531536,161,311,500,711,899,956,1066
531940,180,537,759,865,1084,1249,1336
536647,648,1053,1340,1410,1469,1539,1710
540436,216,812,1175,1504,1626,1627,1760
541640,563,1069,1400,1526,1713,1757,1770
545345,260,2245,2390,2511,2647,2661,2693
547046,330,488,582,808,975,1072,1222
548250,139,236,571,790,842,878,930
552241,166,1352,1500,1759,2224,2246,2316
553344,244,1027,1701,1833,1931,1933,2069
555348,108,176,271,343,596,801,1128
555651,164,224,304,350,585,624,812
555954,129,337,846,889,1092,1150,1209
557857,126,388,553,700,743,761,765
558657,115,802,988,1190,1295,1298,1648
558960,1202,1360,1617,1919,1958,1971,1997
559457,261,1252,1584,1742,1869,2027,2030
561444,158,327,683,1001,1271,1619,1846
561949,205,731,1328,1556,1772,1784,1857
562345,173,517,773,907,935,1036,1083
562446,203,426,529,598,658,759,915
565452,184,434,1168,1293,1552,1578,1822
566454,262,441,704,837,1069,1153,1349
567052,208,359,574,638,667,685,688
567759,130,296,780,979,1005,1047,1229
567961,150,747,948,1165,1250,1379,1448
568963,284,575,732,969,1006,1151,1493
571144,576,1032,1127,1449,1629,1636,1818
572045,342,1324,1552,1584,1697,1739,2015
573249,112,583,714,733,818,841,923
573451,109,146,414,670,728,735,741
576255,163,243,602,667,800,814,857
578057,161,260,862,996,1115,1162,1189
579867,112,220,658,764,836,840,1073
580044,177,269,1022,1180,1711,1718,1982
580347,171,358,572,665,996,1103,1116
580650,146,1813,2259,2498,2610,2629,2902
580751,124,196,448,498,541,564,598
581450,137,187,494,722,827,1047,1129
583858,192,340,547,700,1106,1163,1345
585256,152,215,442,504,700,721,1034
587664,183,570,812,883,961,1158,1317
588565,258,369,503,614,756,783,839
589567,289,368,774,957,1105,1124,1257
590047,144,333,1773,1892,2077,2080,2271
592455,581,698,911,1080,1285,1425,1474
594156,158,220,373,632,859,960,1006
597869,301,661,1181,1257,1391,1414,1530
599065,260,682,1146,1402,1543,1585,1661
599469,112,149,346,482,586,595,1205
599671,606,1441,1592,1705,1978,2091,2189
601127,224,342,562,660,925,933,941
604537,102,245,493,647,805,862,997
609143,124,166,293,343,689,756,774
611938,276,586,692,1134,1276,1396,1423
613538,515,773,1153,1490,1908,2002,2141
614439,234,774,968,1169,1234,1504,1601
615441,104,299,680,714,952,956,970
615744,308,736,1308,1418,1585,1602,1716
616645,466,1206,1289,1480,1863,1866,2044
617748,347,515,719,1074,1246,1388,1423
618952,183,1329,1886,2047,2101,2130,2647
620434,163,343,683,719,1051,1126,1216
622236,191,341,504,702,939,1188,1334
623844,154,535,1673,1699,1931,1957,2115
626648,497,1052,1265,1356,1660,1708,1780
627852,197,305,906,1040,1329,1400,1641
628248,369,583,764,868,1168,1277,1429
633847,168,303,469,547,682,685,691
634748,465,822,999,1095,1229,1324,1409
635245,149,245,523,585,670,709,1359
645450,211,1240,2228,2360,2618,2637,3188
647858,570,2442,2649,2710,2807,2831,3051
654350,134,310,766,897,928,1009,1177
654552,100,393,657,831,931,1084,1163
656253,374,548,675,999,1032,1233,1330
656657,341,753,1731,1771,1889,2065,2261
657659,513,868,1062,1100,1138,1164,1411
660951,111,174,544,736,843,1025,1123
662551,357,1162,1329,1449,1675,1686,1794
663755,93,150,523,624,750,812,914
664757,228,899,1127,1180,1222,1225,1428
667056,100,409,741,979,1188,1207,1291
668361,122,166,873,1001,1373,1393,1536
671855,161,1013,1321,1610,1800,1811,1999
673455,198,1921,2046,2078,2220,2221,2662
675661,149,184,408,496,675,830,887
677766,209,1244,1407,1460,1583,1588,1681
679568,205,757,1011,1166,1232,1567,1578
679770,144,258,409,517,642,1129,1221
680250,187,1219,1524,1571,1604,1624,1904
680452,338,428,686,841,894,944,957
683256,210,468,890,921,1043,1164,1288
686969,134,234,320,523,648,658,691
687163,284,650,1339,1396,1515,1608,2003
690152,157,262,698,855,968,1011,1017
692964,164,867,1084,1288,1324,1347,1481
693764,275,730,1258,1635,1823,1878,2505
694362,222,442,994,1102,1368,1696,1978
695768,169,752,1016,1192,1283,1318,1333
698168,280,657,1044,1249,1386,1732,2133
700634,320,511,729,1057,1215,1242,1317
706040,350,668,1347,1430,1452,1544,1587
707749,329,1254,1418,1643,1710,1804,1924
709551,340,530,611,737,845,928,949
715041,197,366,652,738,805,933,1185
715950,216,450,912,1040,1177,1209,1237
720337,138,202,423,576,703,897,1114
723141,534,999,1206,1375,1588,1624,1925
724446,138,263,390,453,610,788,1228
725751,354,713,1285,1558,1601,1623,1629
727553,104,207,300,457,508,577,579
727654,158,386,572,659,798,824,963
728454,223,292,501,769,964,969,1255
729254,223,331,929,1244,1329,1534,1537
731140,221,595,860,919,1033,1078,1231
735148,163,270,424,637,774,944,1009
737960,292,467,564,736,817,884,1018
742549,133,1507,1702,1828,1867,1870,1995
744553,149,336,479,649,814,841,1001
748662,190,497,1086,1258,1400,1436,1449
749058,305,645,898,1146,1319,1324,1542
753150,225,284,570,619,788,805,1048
757764,254,313,1138,1291,1462,1502,1549
759869,784,839,917,1080,1158,1283,1330
760551,216,607,775,1030,1145,1149,1187
763557,345,442,707,821,900,1127,1796
765864,217,347,719,967,1096,1157,1418
767464,434,986,1131,1459,1476,1506,1520
769064,432,929,1021,1107,1441,1505,1542
770352,156,404,525,823,943,956,1353
771354,175,274,537,587,633,725,817
773257,388,1188,1267,1783,1898,2102,2284
774663,179,591,992,1077,1118,1145,1150
779370,305,458,621,687,814,836,864
782561,228,1717,1989,2012,2074,2086,2223
783462,194,626,993,1255,1470,1621,1738
784565,561,672,897,946,1134,1145,1165
788674,353,968,1308,1347,1507,1532,1570
789373,288,468,722,936,1027,1092,1160
792766,228,336,959,1187,1394,1492,1530
792867,240,632,939,1111,1314,1338,1502
793465,235,334,541,586,687,701,968
800941,508,1813,1946,2103,2122,2134,2299
802844,157,194,422,600,668,818,879
803240,369,509,1227,1377,1419,1421,1710
804646,184,358,614,777,971,988,1041
809252,173,328,676,1011,1160,1477,1547
810843,348,728,1337,1460,1508,1644,1854
812746,227,551,760,902,973,1049,1254
814548,281,452,863,1226,1358,1399,1572
814649,319,532,675,785,836,965,978
815247,142,659,812,933,952,1062,1063
816653,100,170,410,651,1161,1179,1222
818455,377,756,1336,1423,1491,1715,1738
818859,130,873,944,1036,1135,1180,1182
820745,155,700,1125,1190,1393,1436,1457
825048,410,634,839,1155,1183,1328,1509
825553,228,873,1105,1194,1292,1513,1526
825654,171,316,394,683,855,876,1155
826454,155,305,806,859,938,1023,1050
827052,343,941,1373,1647,2040,2071,2145
828862,117,495,811,906,956,1116,1122
832651,187,2243,2508,2587,2704,2710,3011
833148,167,529,1173,1286,1300,1333,1593
833249,128,521,803,906,1084,1161,1461
835657,324,566,968,989,1072,1073,1436
837560,138,186,246,349,413,448,900
837964,185,1864,1970,2079,2141,2153,2174
841349,233,591,707,958,999,1046,1063
843151,570,678,1067,1157,1380,1479,1493
844961,264,350,526,565,767,924,955
845458,173,333,509,525,610,716,799
849264,213,741,1004,1094,1164,1214,1275
849971,182,326,841,917,1198,1348,1385
852455,285,764,915,977,1166,1197,1403
856968,250,473,675,715,847,926,972
867468,132,165,747,828,842,1151,1181
869472,125,316,739,922,1003,1262,1581
870861,315,364,819,980,1094,1096,1286
871762,226,425,682,885,944,957,1106
872562,233,866,1100,1644,1862,1920,1987
872764,132,185,281,300,408,409,432
873968,240,352,829,945,1068,1162,1207
877269,166,385,592,650,734,888,889
878776,250,830,1254,1290,1420,1431,1605
878877,109,188,561,615,729,748,966
880157,261,340,593,681,766,800,836
882161,536,1091,1213,1438,1589,1622,1804
884064,136,198,305,446,533,855,861
886674,437,1271,1558,1719,1827,1887,1936
888678,190,708,1939,2130,2247,2362,2409
891667,260,711,930,980,988,997,1009
894067,172,196,364,484,929,1145,1213
894774,218,930,1570,1768,1817,1845,1899
898176,147,524,1070,1163,1290,1297,1699
901038,157,273,326,479,583,823,846
901442,175,1972,2163,2213,2481,3000,3025
902242,463,645,964,1024,1075,1151,1162
905147,219,604,910,1138,1314,1332,1488
907656,142,340,431,653,845,854,912
908860,307,1623,1872,2011,2072,2079,2134
910241,201,592,834,895,1225,1230,1283
910443,169,250,291,538,878,1028,1100
911849,766,1022,1327,1383,1500,1536,1569
912447,208,337,640,665,852,855,862
917558,123,213,551,733,847,859,932
919966,125,651,952,1109,1259,1353,1382
922854,146,177,468,565,765,1092,1120
923755,177,295,508,824,1172,1294,1299
926862,106,171,289,361,400,456,457
927359,198,258,582,877,988,1001,1002
930449,148,234,455,638,765,820,960
933253,164,246,463,575,726,761,852
942658,192,555,748,936,981,1117,1183
943862,997,1176,1647,1831,1852,1927,1988
947668,212,492,834,1033,1057,1174,1569
952863,140,686,977,1054,1253,1297,1471
955465,200,304,726,780,802,844,905
957974,125,353,711,944,1074,1098,1116
958976,134,398,744,929,1125,1334,1378
962058,224,343,482,675,720,850,858
965367,178,225,499,629,778,813,1001
965771,159,203,302,565,639,641,880
966975,154,541,634,669,1043,1141,1414
969476,182,481,971,1177,1223,1258,1294
970764,118,375,768,856,1104,1142,1290
971160,224,598,819,1184,1455,1538,1565
978578,172,303,442,494,671,694,747
979984,246,565,770,805,1039,1112,1338
983773,117,625,1852,2101,2353,2473,2500
987074,364,964,1210,1321,1359,1457,1600
987983,187,944,2549,2711,2790,2819,3004
989987,348,705,1242,1403,1443,1520,1690
990366,172,261,573,628,955,1015,1047
991267,221,388,591,749,925,1091,1117
992673,575,1006,1333,1587,1618,2001,2090
993675,116,255,565,803,1062,1139,1356
994273,138,357,537,723,827,858,1032
996782,225,845,1282,1433,1625,1684,1778
